/*
 Navicat Premium Data Transfer

 Source Server         : 远程mysql
 Source Server Type    : MySQL
 Source Server Version : 80020
 Source Host           : 47.99.147.11:3306
 Source Schema         : egg_house

 Target Server Type    : MySQL
 Target Server Version : 80020
 File Encoding         : 65001

 Date: 05/05/2022 15:54:10
*/

SET NAMES utf8mb4;
SET FOREIGN_KEY_CHECKS = 0;

-- ----------------------------
-- Table structure for comment
-- ----------------------------
DROP TABLE IF EXISTS `comment`;
CREATE TABLE `comment`  (
  `id` int NOT NULL AUTO_INCREMENT,
  `userId` int NOT NULL COMMENT '用户表id',
  `houseId` int NOT NULL COMMENT '房屋表id',
  `msg` varchar(500) CHARACTER SET utf8 COLLATE utf8_general_ci NULL DEFAULT NULL COMMENT '评论内容',
  `createTime` timestamp NULL DEFAULT NULL COMMENT '创建时间',
  PRIMARY KEY (`id`) USING BTREE
) ENGINE = InnoDB AUTO_INCREMENT = 4 CHARACTER SET = utf8 COLLATE = utf8_general_ci COMMENT = '评论表' ROW_FORMAT = Dynamic;

-- ----------------------------
-- Records of comment
-- ----------------------------

-- ----------------------------
-- Table structure for gift
-- ----------------------------
DROP TABLE IF EXISTS `gift`;
CREATE TABLE `gift`  (
  `id` int NOT NULL,
  `money` varchar(255) CHARACTER SET utf8mb4 COLLATE utf8mb4_0900_ai_ci NOT NULL,
  `dis` int NULL DEFAULT 0,
  PRIMARY KEY (`id`) USING BTREE
) ENGINE = InnoDB CHARACTER SET = utf8mb4 COLLATE = utf8mb4_0900_ai_ci ROW_FORMAT = Dynamic;

-- ----------------------------
-- Records of gift
-- ----------------------------
INSERT INTO `gift` VALUES (1, '20', 1);
INSERT INTO `gift` VALUES (2, '30', 1);
INSERT INTO `gift` VALUES (3, '10', 0);

-- ----------------------------
-- Table structure for house
-- ----------------------------
DROP TABLE IF EXISTS `house`;
CREATE TABLE `house`  (
  `id` varchar(200) CHARACTER SET utf8 COLLATE utf8_general_ci NOT NULL DEFAULT '0',
  `name` varchar(50) CHARACTER SET utf8 COLLATE utf8_general_ci NULL DEFAULT NULL COMMENT '房屋名称',
  `info` varchar(150) CHARACTER SET utf8 COLLATE utf8_general_ci NULL DEFAULT NULL COMMENT '房屋简介',
  `address` varchar(200) CHARACTER SET utf8 COLLATE utf8_general_ci NULL DEFAULT NULL COMMENT '房屋地址',
  `price` int NULL DEFAULT NULL COMMENT '房屋价格',
  `publishTime` timestamp NULL DEFAULT NULL COMMENT '发布时间',
  `cityCode` varchar(10) CHARACTER SET utf8 COLLATE utf8_general_ci NOT NULL COMMENT '城市编码',
  `showCount` int NOT NULL DEFAULT 0 COMMENT '展示次数',
  `userId` int NOT NULL DEFAULT 1,
  `startTime` timestamp NULL DEFAULT NULL COMMENT '开始出租时间',
  `endTime` timestamp NULL DEFAULT NULL COMMENT '出租结束时间',
  PRIMARY KEY (`id`) USING BTREE
) ENGINE = InnoDB CHARACTER SET = utf8 COLLATE = utf8_general_ci COMMENT = '房屋表' ROW_FORMAT = Dynamic;

-- ----------------------------
-- Records of house
-- ----------------------------
INSERT INTO `house` VALUES ('1651376538123', '自由之家青年公寓', '房源离地铁站非常近，交通方便，房间设施齐全，空调热水器，无线宽带', '北京海淀区北太平庄', 65, '2022-05-01 03:42:18', '10001', 6, 1, '2022-05-02 00:00:00', '2022-06-30 00:00:00');
INSERT INTO `house` VALUES ('1651376934153', '北京三环政法研院自由宿', '房子位于北三环，高校区，交通便利，购物方便', '北京海淀区北太平庄', 328, '2022-05-01 03:48:54', '10001', 2, 1, '2022-05-02 00:00:00', '2022-06-30 00:00:00');
INSERT INTO `house` VALUES ('1651377138280', '望京soho家庭式公寓', '欧式极简主义家庭公寓，小米之家、交通便利、物业正规、专人保洁、隔音完备、设施齐全。 位于望京街十字路口，阜通地铁站相距700米，望京地铁站相距600米。', '北京朝阳区望京街', 451, '2022-05-01 03:52:18', '10001', 0, 1, '2022-05-23 00:00:00', '2022-05-31 00:00:00');
INSERT INTO `house` VALUES ('1651377247234', '奥森 日式一居', '【户型】一室一卫 房间不大 却倍感温馨  【客厅】舒服的沙发 柔软的抱枕 可以舒舒服服的看个剧 客厅还有一个沙发床可以满足加客需求  【卧室】1.8×2的榻榻米  轻松满足2人的入住需求', '北京朝阳区北沙滩7号', 488, '2022-05-01 03:54:07', '10001', 0, 1, '2022-05-23 00:00:00', '2022-05-31 00:00:00');
INSERT INTO `house` VALUES ('1651377374945', '6号线朝阳公园大悦城', '1室0厅公寓，合理舒适温馨的空间欢迎您入住～，步行范围内有各种便利设施，便利店、超市、菜市场、各类餐馆方便用餐，房源设施齐全，洗漱用品齐全，公用洗衣房有洗衣机免费使用。', '北京朝阳区石佛营路', 229, '2022-05-01 03:56:14', '10001', 0, 1, '2022-05-23 00:00:00', '2022-06-03 00:00:00');
INSERT INTO `house` VALUES ('1651377530270', '西直门/附近温馨一居', '房间内装修精致，设有厨房和独立卫生间，家电设施齐全，环境舒适。屋内简约、温馨且实用的宜家家居风格美观实用，无论您出差、旅游都让您体会到在家的感觉，免费的wifi随时供您与亲人分享快乐时光！', '北京海淀区文慧园路', 568, '2022-05-01 03:58:50', '10001', 0, 1, '2022-05-23 00:00:00', '2022-06-08 00:00:00');
INSERT INTO `house` VALUES ('1651377617452', '古北水镇别墅', '密云旅游区/古北水镇/司马台长城 整套出租 团队聚会、全家出行、亲子游、自驾游', '北京密云区古北口镇', 1899, '2022-05-01 04:00:17', '10001', 0, 1, '2022-05-30 00:00:00', '2022-06-09 00:00:00');
INSERT INTO `house` VALUES ('1651377790537', '【花筑】迈克之家', '花筑北京迈克之家四合院客栈位于海淀区小西天志强北园，近新街口外大街。2号线积水潭站到达客栈步行仅需8分钟，邻近古老的护城河及北京古城门之一德胜门', '北京海淀区小西天志强北园南院 ，近新街口外大街1号', 458, '2022-05-01 04:03:10', '10001', 0, 1, '2022-05-23 00:00:00', '2022-06-03 00:00:00');
INSERT INTO `house` VALUES ('1651377925984', '温馨小窝 可住2人', '很开心你喜欢我的房子, 如果不巧此房已被其他朋友预定，你可以点击我的头像，随意挑选我的珍藏~ 我们的房源是一套奶油系 治愈轻法式混搭浪漫优雅诧寂风一居室。', '成都武侯区万虹路752号', 358, '2022-05-01 04:05:25', '10002', 1, 1, '2022-05-09 00:00:00', '2022-06-03 00:00:00');
INSERT INTO `house` VALUES ('1651378340748', '迎兴公寓', '位于成都东客站（高铁站）东广场斜对面300米东方新城2期小区，步行10分钟左右。', '成都成华区邛崃山路东方新城2期', 226, '2022-05-01 04:12:20', '10002', 0, 1, '2022-05-16 00:00:00', '2022-06-16 00:00:00');

-- ----------------------------
-- Table structure for imgs
-- ----------------------------
DROP TABLE IF EXISTS `imgs`;
CREATE TABLE `imgs`  (
  `id` int NOT NULL AUTO_INCREMENT,
  `url` longtext CHARACTER SET utf8 COLLATE utf8_general_ci NULL COMMENT '图片地址',
  `houseId` varchar(200) CHARACTER SET utf8 COLLATE utf8_general_ci NOT NULL COMMENT '房屋id',
  `createTime` timestamp NULL DEFAULT NULL COMMENT '创建时间',
  PRIMARY KEY (`id`) USING BTREE
) ENGINE = InnoDB AUTO_INCREMENT = 62 CHARACTER SET = utf8 COLLATE = utf8_general_ci COMMENT = '图片表' ROW_FORMAT = Dynamic;

-- ----------------------------
-- Records of imgs
-- ----------------------------
INSERT INTO `imgs` VALUES (1, 'https://img.meituan.net/phoenix/c485cf73f15256432c0fdcdf526f1d8a226393.jpg@1920w_1080h', '1651376538123', '2022-05-01 03:42:18');
INSERT INTO `imgs` VALUES (2, 'https://img.meituan.net/phoenix/d9fb0db60deaa28e60f2ce2409aa8d14116423.jpg@1920w_1080h', '1651376538123', '2022-05-01 03:42:18');
INSERT INTO `imgs` VALUES (3, 'https://img.meituan.net/phoenix/c485cf73f15256432c0fdcdf526f1d8a226393.jpg@1920w_1080h', '1651376538123', '2022-05-01 03:42:18');
INSERT INTO `imgs` VALUES (4, 'https://img.meituan.net/phoenix/71202928a8f77d9f753bb1741dd582e02797767.jpg@1920w_1080h', '1651376934153', '2022-05-01 03:48:54');
INSERT INTO `imgs` VALUES (5, 'https://img.meituan.net/phoenix/b66c26b5bf7b727ca0dc34bf57a963cb3604534.jpg@1920w_1080h', '1651376934153', '2022-05-01 03:48:54');
INSERT INTO `imgs` VALUES (38, 'https://img.meituan.net/phoenix/49c9fa43cc91b41356dced6c0a235c92681610.jpg@1920w_1080h', '1651377138280', '2022-05-01 03:52:18');
INSERT INTO `imgs` VALUES (39, 'https://img.meituan.net/phoenix/bdbffeedc8ccb83f03c9a4645d563b3d655017.jpg@1920w_1080h', '1651377138280', '2022-05-01 03:52:18');
INSERT INTO `imgs` VALUES (40, 'https://img.meituan.net/phoenix/47f42199d660c3fea558eeba3a04fc7a768702.jpg@1920w_1080h', '1651377138280', '2022-05-01 03:52:18');
INSERT INTO `imgs` VALUES (41, 'https://p0.meituan.net/iphoenix/e43ee04cbee904fa22d4d50e929610fa259618.jpg@1920w_1080h', '1651377247234', '2022-05-01 03:54:07');
INSERT INTO `imgs` VALUES (42, 'https://p0.meituan.net/iphoenix/eda150230691d62473aa0d19ae9fa1a6189644.jpg@1920w_1080h', '1651377247234', '2022-05-01 03:54:07');
INSERT INTO `imgs` VALUES (43, 'https://p0.meituan.net/iphoenix/a239e19f0ac1a65fc661d25c5632caaa179050.jpg@1920w_1080h', '1651377247234', '2022-05-01 03:54:07');
INSERT INTO `imgs` VALUES (44, 'https://p0.meituan.net/iphoenix/8145aebb45a679adb6ea3ad719f944d0640980.jpg@1920w_1080h', '1651377374945', '2022-05-01 03:56:14');
INSERT INTO `imgs` VALUES (45, 'https://p0.meituan.net/iphoenix/cf7a1b35ddc9a8d6aad1188d5fa07463514207.jpg@1920w_1080h', '1651377374945', '2022-05-01 03:56:14');
INSERT INTO `imgs` VALUES (46, 'https://p0.meituan.net/iphoenix/1ebd804b91f0e75c880cf98c0c1e1bab518854.jpg@1920w_1080h', '1651377374945', '2022-05-01 03:56:14');
INSERT INTO `imgs` VALUES (47, 'https://p0.meituan.net/iphoenix/37c1274ee88ce5bd7415413144e2e62f1870548.jpg@1920w_1080h', '1651377530270', '2022-05-01 03:58:50');
INSERT INTO `imgs` VALUES (48, 'https://p0.meituan.net/iphoenix/cfde3465969c6bfd770c357f0dc61a5d1957902.jpg@1920w_1080h', '1651377530270', '2022-05-01 03:58:50');
INSERT INTO `imgs` VALUES (49, 'https://img.meituan.net/phoenix/a61b87fb595dffd72d7cb867c244f8b5362040.jpg@1920w_1080h', '1651377530270', '2022-05-01 03:58:50');
INSERT INTO `imgs` VALUES (50, 'https://img.meituan.net/phoenix/ec79d2a91acc05b03497217312500bc2260029.jpg@1920w_1080h', '1651377617452', '2022-05-01 04:00:17');
INSERT INTO `imgs` VALUES (51, 'https://img.meituan.net/phoenix/2e046d92db437996acb3e2b1c4318397234026.jpg@1920w_1080h', '1651377617452', '2022-05-01 04:00:17');
INSERT INTO `imgs` VALUES (52, 'https://img.meituan.net/phoenix/2d6fb142251f6a8e95fbca88f3f5cc392941429.jpg@1920w_1080h', '1651377617452', '2022-05-01 04:00:17');
INSERT INTO `imgs` VALUES (53, 'https://p0.meituan.net/iphoenix/96ee73badab4e6d5faa12fd2b47c4fe8333094.jpg@1920w_1080h', '1651377790537', '2022-05-01 04:03:10');
INSERT INTO `imgs` VALUES (54, 'https://p0.meituan.net/iphoenix/029fc17519c79540b7807a68818f5f06304053.jpg@1920w_1080h', '1651377790537', '2022-05-01 04:03:10');
INSERT INTO `imgs` VALUES (55, 'https://p0.meituan.net/iphoenix/351cdf60a8235f6db2be74e622be0a3a389186.jpg@1920w_1080h', '1651377790537', '2022-05-01 04:03:10');
INSERT INTO `imgs` VALUES (56, 'https://p1.meituan.net/iphoenix/40017c72bdc3a58b9870c523af6d37612580365.jpg@1920w_1080h', '1651377925984', '2022-05-01 04:05:25');
INSERT INTO `imgs` VALUES (57, 'https://p0.meituan.net/iphoenix/b770c2a45bab9e417ca51fb0a111ae9b2650085.jpg@1920w_1080h', '1651377925984', '2022-05-01 04:05:25');
INSERT INTO `imgs` VALUES (58, 'https://p1.meituan.net/iphoenix/5b2f858dee66795f1e1aed9eed2b56511913713.jpg@1920w_1080h', '1651377925984', '2022-05-01 04:05:25');
INSERT INTO `imgs` VALUES (59, 'https://img.meituan.net/phoenix/12bd7ad801ab115a310af06ae0948c992675426.jpg@1920w_1080h', '1651378340748', '2022-05-01 04:12:20');
INSERT INTO `imgs` VALUES (60, 'https://img.meituan.net/phoenix/eabad68399238be0b421c0d7582395c42581012.jpg@1920w_1080h', '1651378340748', '2022-05-01 04:12:20');
INSERT INTO `imgs` VALUES (61, 'https://img.meituan.net/phoenix/2bd9b9cb2168185f826196043f5e04082433669.jpg@1920w_1080h', '1651378340748', '2022-05-01 04:12:20');

-- ----------------------------
-- Table structure for orders
-- ----------------------------
DROP TABLE IF EXISTS `orders`;
CREATE TABLE `orders`  (
  `id` int NOT NULL AUTO_INCREMENT,
  `orderNumber` varchar(20) CHARACTER SET utf8 COLLATE utf8_general_ci NULL DEFAULT NULL COMMENT '订单编号',
  `userId` int NOT NULL COMMENT '用户id',
  `houseId` varchar(200) CHARACTER SET utf8 COLLATE utf8_general_ci NOT NULL COMMENT '房屋id',
  `isPayed` int NULL DEFAULT 0 COMMENT '是否支付，0未支付，1已支付',
  `createTime` timestamp NULL DEFAULT NULL COMMENT '创建时间',
  `updateTime` timestamp NULL DEFAULT NULL COMMENT '更新时间',
  PRIMARY KEY (`id`) USING BTREE
) ENGINE = InnoDB AUTO_INCREMENT = 10 CHARACTER SET = utf8 COLLATE = utf8_general_ci COMMENT = '订单表' ROW_FORMAT = Dynamic;

-- ----------------------------
-- Records of orders
-- ----------------------------
INSERT INTO `orders` VALUES (9, '1651376805543', 1, '1651376538123', 1, '2022-05-01 03:46:31', NULL);

-- ----------------------------
-- Table structure for user
-- ----------------------------
DROP TABLE IF EXISTS `user`;
CREATE TABLE `user`  (
  `id` int NOT NULL AUTO_INCREMENT,
  `username` varchar(20) CHARACTER SET utf8 COLLATE utf8_general_ci NULL DEFAULT NULL COMMENT '用户名',
  `password` varchar(64) CHARACTER SET utf8 COLLATE utf8_general_ci NULL DEFAULT NULL COMMENT '密码',
  `title` varchar(20) CHARACTER SET utf8 COLLATE utf8_general_ci NOT NULL DEFAULT '普通用户' COMMENT '权限',
  `avatar` longtext CHARACTER SET utf8 COLLATE utf8_general_ci NULL COMMENT '头像',
  `phone` varchar(20) CHARACTER SET utf8 COLLATE utf8_general_ci NULL DEFAULT NULL COMMENT '电话',
  `sign` varchar(300) CHARACTER SET utf8 COLLATE utf8_general_ci NULL DEFAULT NULL COMMENT '用户签名',
  `createTime` timestamp NULL DEFAULT NULL COMMENT '创建时间',
  `updateTime` timestamp NULL DEFAULT NULL COMMENT '更新时间',
  PRIMARY KEY (`id`) USING BTREE
) ENGINE = InnoDB AUTO_INCREMENT = 4 CHARACTER SET = utf8 COLLATE = utf8_general_ci COMMENT = '用户表' ROW_FORMAT = Dynamic;

-- ----------------------------
-- Records of user
-- ----------------------------
INSERT INTO `user` VALUES (1, 'admin', '78d5bab38f73179e420f26d1cfcd916f', '超级管理员', 'data:image/png;base64,iVBORw0KGgoAAAANSUhEUgAAAL8AAAC9CAIAAABtQDtaAAAACXBIWXMAABYlAAAWJQFJUiTwAAAAEXRFWHRTb2Z0d2FyZQBTbmlwYXN0ZV0Xzt0AACAASURBVHicjL3Zki3ZcR24lu84Q2beoUagCoBAUiaKRppaD/0X/SP9Q/0z/dxmLZOMLTRJtUSAhDAUaq66t+69OZ1zIravfnD3HZEg1NbJYqHyZJyIPbgvXz5sD0r6f/73/w0ABEgEIJAgCQibH7L+lyQQv3l+M34TIEkApLw8bwgAVNxRUtyZAGGAEYKUjx9fFAATSRrNjGDchILYjAayGU1C790FCgQBMzZ3LO4ewyERw6oxiDCQgIGAkWYAFEsgkGQMKIbqEiS4+7ocAsn1EtRsBeXDlJMHa+gkCOLpFyA4NiuYC+uKZ8TdJI9x1TxqEDkb5E0pxrRgROwiQcRuSIKRiBVEfjKWhOtN+XTX5bVb9ed//7/8rwCmnKVAKP++3iS/ro0UxbMRHzKeD3JdjhqEAMC1Ebr8OKdZU4pRMYV2+xPLTIkSPZYop0110WAmUgAlq2fGYkhjYYWxk08mF+vKddHGSMdFOWRx7FMMKZ8UEj6mrvrXZuVWpctLc9PyY8aIBeUArWZB+OYuHitBMOaXMpFCOmQBgNXMmFKbz9k8Oi50kKkwKJmsHcRmyXJrpQQUbTZpWiebirsVhSe3q33Xdg+eylXsQUl2/ZVM8WQOJWbGMUBtF3ncauy6YkWsdo4CJJenYsRDN4goqQOADCVz+eRaw7hyC48q5RmQGwsaO5sTAQNZYlESZpmCp1xjgYw9omBj6VADH9gRwpVrOrS7Fjv2KYQEEr1WREMwYixUDZokTYGmoRZct/cJRIUoO4w5O+a2UxySkHMVsUpnSdwqPZQgGGRKpKl9WG0VIHnaHBpCSXKnsEWcWlPQLNYiZ+EuGMkYIPQUIDcIVtNYJYnSxkbm2rUhbwHyZG7VKt+qTYdvxDwgIaUo705xc3XppIaiJsgwRr1aam4s9dghQUbKfWAzJNqqE7lAKQEq2FNYUhYs+bDztd9xmZkFWrCwjwLMSvaG+R9fXJcZZZNXs1FYF7MJIBNUKKhhGsZSjJUP6XEWoSBIG7iexnJIiJHy1RJ43RwKmdIAr8RiBugmMLjSHEOKu9fQyCEuaRNMUuqO5C6mQsfs8vMyPSU1yba4XbjaeNRTytgEfBeZiudrNcjxvfxu/JEBZyvZESFaflkhxEP44Pl/EiF5AhUJy+tRih6EKMhDkSSIrOHRtvI5QEWCjQULOPxjoaFUDCeZjQ+oZCLA5kuD7WqDNsPIpsRpoM8EoJEFk2NO640SeAYUDLEKgCbLMmHYgQBZi/3O/UplYSpF7rcRgA3GFbMNbUxhLiirr6hYCQc9IVYuORgFAFqO23LBKbCYrwOFVgNnCMnLPHFY+A1WrQOpDXSkBR22aBA0Ffo7IcCLR5SpyQVBmROV5YolFukSjZa0JZ8iUuuu1A1Akavy1BScpeYkAF+ZMTcYTVFhKcJ/UUJdYrIPJRWFxI8hPYMLFJQg5aH2plA2Hiz31UaHwVxNUMhdwh+TqNDDNubcYpAlnDAE3K0wP7Q+SccQuVXKnqhMcmNuMDOW2hiAVNTNHXJyMJkhm7HVGhyxdK5UMWlnoUKsrgR0wNOZii8mKgk+tsqpAXjpOKUsaGU6BjFuFWiW8GMDIBF/GoKVSxgGKyTdQdNQdSrWIZCST3RPBcteE3SjFb6XQNvWpShZC/Ef0mPIlY+ZSLJhGgI4yxTUkwMGjTWimlsADIZrgALNhKjVZAEJGATM0CAIDgULWSWJCIAdmrJKRu19askWcXKfi4UAHlojOQO6E3BcwcnHcqdgaziEnlgNoRQ9rKcgOFk4GWP0sGqip30bnmy43fE1lKmJ0ZkZIEOMLcwPQVpqsKkmmLtLAQ54kQxuqOQqO6jIA1bGPa4KvpNint6cNQTMFIUpCKwvAmVENtKTCps3ju8O2SQHSazdpg0KUlYuoS05AbdQFUPw4bHH6o4RycJSEPLEq9yeWHej1UTrL1gxtxS60L0+9iRNXc4y4mFFmQqXnM0CVlN3UUGl8nwkqKeQamz8wL+ysiVAjhA2FZ0dtiHjDIldIxIEFc9UMZLAZnKzb15XAl5iMnTAIYIW2yf5Orr6qFxVICxz/gzyGwJkQbNiP5mcyP/44lSADe8ZlGIF6hSdodGFsMPQlnEuCUn/YfW7CzjyUqvbBThxjU1RytgGO4Z8yG3IPuAq7SmhlMdaWxGAPp7rkpX9Hr5MigRJwtVjFcuGJELXmil/IEiUl9euEq31xwO94krCFI6SAz4ce2Dlp7WnJU+58+WJhPdhBspRshSqEcg2tD7dPQ9zFgK2YkotFEsP439dshpKLAuTkSHXOIdb36u5pmuqzfiH9DiG3dbmTwhXnmnZMPB7I1AbWVkRjVgfMtQCyQnWBxVlpKQeOjaeSyjZSdqQjfSsHpBKNkL+xshW+jOWYbhJAWWkq8R9la0njDDMjUM9oMW9vInNElnIVBjERCYBHsZlAPAGvRXgEzs3djqUUQVKqtAJUs8NFVHYhpuLpPm40XbLc4RloUqGPZU+FVgOWajOCiPpUmClgQWlrM0d0gPOMBsKserXuFetmDAsUAYIhviMqASHGMbqVPQmIkHD32CqOgt4MFxyKkKmCg2MAKTc86ocYJEkjD0L3RWLopAGbq8JyczdDMxCWQKtPuqWGnSEV7Wd9kaFmGudhGN48gXoZVhziPXsHEhdNmAo7r16ISxWa+VmcSUZac5yTv/CrtZ8y1/Ih9XMguOJMGwRTWPMSBSqTalJDvJX0mMd9JprOX1YV2vsD2p9xyoMVRi/slaXKUBe/iVydzN7UxwR2roelXnxogKbWQV0hODKi86s4voUhEgzhneLgVmqveTT0IVKCAIdh5sX0pMoysqdbNZFkJfIePHQdfEyXMEyB0Nzwxoi1wIKEQm58nQyOEI+DpIRQV6hfWw1Rrhz4xmjtj8/8kK2lNPie4XzQyHSaQuVHTtPWI1zxYyp7hzbzeFZaCWqq9BwyO5GXp9ynRWLS4vTnDO9vhSimM7Gl1bZ3Bh9xkgyVAgwkpkhaithHJsyFHs1fyVtKgcnUGQMzllbqz+yfRxGOs3QoE8bb59DHKEaSd6wtN9q8ct2Rr4Xjogexo1dYU1GqEqDM6X7AyR1ACF6F41F+CpkCqQXXDCxLn9IzBPaqlSfJ/5NRi1qT2Mlh7x4Oarr1k85v0JkDsBdCUopTV23BqnCkHPFndKHCn8XEFV8p7RlLFMu47oEkCRf3RDJymlYg36puI4K2BRrH9pY6umdJbNl12NyRZvgSXlqXbTeE3Inc5NZDxsQi3AYycKrnFvuGTV2NUcUwX85K0QWfzFZRuJUwyOLfRuSEjM0a4joyJvU+oVOGDZ3xmrdADltJSYDk6QhN4NHbw3N8Dnix/+F9KSDUrGaJ7wQ2PyyKsiIm69/ldYhIWVuA1hbg1g+uzY2v+x2xkgiNlMzQzr1I+GbYkptxjpgeaPBRLiYabyITVrAW3J6jyBGGSHld0UzL+0u8UhJFpmIgw04eLFiYPhoGjtFKfd648uSw66X7MTy0ocB4LremSmqjMCIsZGip7u+cqONJQvYXFUr/pg8MeNiMRPbetPFezAu2mBk5dhz7IPTboVnbEYtg1Y2NcJkIwAUa2EbkVNt6vbGqmji4KqD9WmTcapt2yhdSlTK0UqXsgglbMzWkAMROjGDGZrBym0lRcjlDifoEgfxTXzCeMw6lRiSMHjw2JTi/R5zqymXUmVgqyx5bgpAGE0pxuNxknw4EuVfrywzhMM9toOoQg9saG1wmxKjXNrkghqMsWJsw8GKaNO69TF4ArBk20+lB+tGFZo8laAxea3rWTRsdRdT/kbupZanFnpNHaVjUeLo45HcXFwPDjIRA/Bc5UG91lB32Y1at1rkFJ1maIZponGN5rlc3iMwEGAn3xQlIRWkQL7ImYalUhH81XSl9GQpxbq4GxhQzWp8AkKwjAIaLYCwnAMSFmnv3EghDbgPrhyC4mMJEMaynAqVySUySVBy5RVFDb0USdHkkScBkcVzGEq3lZ4x/lzsrSeeRnQgcMWWh8RjYBoARJgOcqPl/BLDlVeucKohPcWwPRXAV7gjRBsmKUx/kEwJmb+LARnHTUoZ05Z7LFgjmrER8sXVlQRH3btLkBFGGD0itqvIbAoKUaMf8/JBLBIlSjBQCDYIHSsiDMDVrSLcpAE9lN6Mchndg8hrgFsIW1a9hGWNtamYIVYdS7RA8JxcINbCrLYkncHiFil2DmSYhiLNaGQjCSapGmA7pIdhO1F556SkGBapHljsqJbriUwNEpDB4lD94jcjWImRrgCqIEnkqiBP9qu0lAoHMyNgluVIyKrNBCsfbkiEahjFr4jZk0iNcpd7BvZM5RbKGYnHiKEUfd4YmojIalQF1UokHNZGh0kq65vZm0ARCd6I1Z1C52qJx0y0eoi1aWBn6pEKQ7jZIbKVvIT6lJUhlXuf4rOGvQblJKtAd4uSqDItcdjbJ9hTDsS6UNK6lxGTe2Iix5NXHClSxxWVSxNGUHjYrSKptSGJ27HtT7MdI9sT4JqPa1QlfyDJRcpiy+SqeAwpS+ABCaNVAZl75h+QqYUkMQ7P4puIGqRMVHwOw6r+kdnJ/a0PiayMCJGHVjwIiFdmqTh2t8AqPpAPyp/hspXH5pKNR3NsBc1q++tGUb8AMWNItpJJ1BZlKCUKBTKEWPI7PjVpJAMHeynsUfHEYahX6Qu7u5KhJxes9GLwm81SaAwTG4zJ1UpXvrhcoNQWeLeJFtVSAYBlyDB232FhzVZCyTWgR1JRp2nDM0eNV8p9qlVYqdSGda/xvZXdbI07Ruxl6JYZXA7TgAZm/U3YmtpDg9mY5Zqa9ipwVsYDMhEHFsFYtyskxWgGmllTmU+E9ARLRlSsbmooa2Jx7CCSDVo9QClqxcvUcV2DdfYTEEcFKlowQtPFFsPE2JYVYpWhYsz1Nw1Q1Kq0GIA+xCvXe40yx4UhVVSt1TYXgvK00coEC5DVnAREfnQVMwJRtvJ0nGsONF3/zY+ezHIITeFx0othkVYB2ixqoK6chgjip4BR1tBoUGNdRjOiKtGSLxRbWgW10IeI6p8kjQKSmxiMgJEN6ZJIaWtsWENPAzWmmKufyLuhNJLknlCU9jieuCYlUnrUe8WRBGfhWXkMkS6r542Q3hCigaqxHSEXDhlt5LoHhxh5N7KSCMWiZFYGUYXHcQvIXYKFioWAVqiCtuVJsR1WIpBJeCPk7lH/LO/e3Xtaj62oJGIrdlpZhRj5OhFuObZy8xRHAELKacb1Vqronq2LZBPN2NiatRHjSbLmKdJR3msNroALDkxSud4sUEHalPxPaZWLwm9qo0y11GOMA3TR5cLmZBCG/fDw7Ib0VJSypMeCA1ZZoxVLDHIVcVAUQ816KAxDLAsxIWkWhRMCk5VEcUzV03OgDlF7IJZihXorJMUVd44CHzErbwywbVovOV/4nPFI9hH4c88IQ7jla3TGg+4o1WT1QTliBxlWdxrr9ITMYFShY3yae2dmZgx5apZ1I6AyURvS01hTtdKlTOxvwisxlixYIiKgOWIMdC/tQZ5VSjslFwzyuB5Yye+A/ZV9Za1cuhaudDoLlmPfjYziEHUJ5LJ0DWIypGcaazgoh6WVMJRDV+YoUWTYR6wWnYC1HC4F7wJBCzIqqm5rZZsq+bxWpxOMoktXkQl3l1xV6dG9w73HERDCAXefBVfVkCMDOixeHKwISscqkDAkREMLQ6QtSnWGwbC0H0XYg+pmOc7qi1UoMlarmTXLioLQKo0qb6SaAMi0VJjnNQRNEHXqMJSSEovkBw8JN5Eq/q1hEzCohyHku6Y6Hp28PevYIHlGlIZOCgLcRcqD4wuB3E/4YGLP0Aml88PS9cF5maQlI0p/BIGFBLHcdYDGaocMdEvux5XoaPv1fABS7UbVV/j2yssClnpfoEg8O+AuyXtVj3BMI4A7eFs8i3z6rxp2YFIQh0GtSzaCSobVkiGVPTxSlp/CUagbEmQNFdRneUS18ky5KIQK4VPxppX7I0a0erFxNDbiRrECaaM59ioMC6tWH8Uc1rGlZzpQJkP0CRaDCEbUi1l2FnNnuuJb7GFu1gbBofRQVPNhQYpUBl61C0jRM47FJ4PGyCU4mxW0rIseYdJxq5GaFqK+LpltbCTL9mEoTBG+IAMWSvJErqUNK/uXAhRcIR0lExpZ553HF1TSUNwlNB0ZAE1wp1UkK/mLyjlI+raS7zxFYmbrfEuK4svB/VcvOOM+ouemh2Gpz8NPLTIaAQiuBiImO6QWuSddCcaFs0wEWR2c3PI0O3EvJzBs5fC5lHFWG3sJKCyfV+oV5dvGwbay97HksbRREbKqpRgnY/kkao9McFjGv5lClq6KDSNR5DS0p4izmdDiQUMPKBskJOAgPRcVkaif2ikrELAkKEIjmllBblCnMe7Q6DAkq+aszMKD8cb2e1+QQckSGG1UMKlcjSgSnx7P8020M91hdE/B6GE+pDyprmLN6Zl4ULyBhIII8w1V8fIzR9QgJjrUusRsxZHNrgWLW61XVcUnUnXGGasQ6FW2mdiUXAuhjeHgjL3R+rNapdDyNAo5CauKiBorx0a4pDhEZ0ZEMJ9Sd4xfkMJBwtiymJgQ2rLM82Xe73Y22SikBlA13iXy8V+VsFTaakGIpa/wUupfmpLczs3Cp/4ijexSxifOtlTxW7CuUBKQBvPu25joMFVIUMvdeLKeoldCXolTjqDJhemruU16wHBACMtwem1NEID0CNMvtL7ZOtIy1V17OUhxqd0qPUi8z3NHEapP+VBZomD+A+Nyda0MaAJnFQYXdOTKxr6t+lg0Lbc3PKSugooMQUXrDNfSPcqRk7kFh3SZoZllEAaaGg3W+zJNk6X/v3HQUI9Lg1iOZEYwNOq7014asY3al6gPVY+bcChJGhhBJnRaIyTaKHqqdVal+DRuNhRdlYjt6opy0jBVCqa8KgNBxdmRUXMYIM5iTWHBxmmwGkZyAaht1EQqLyOVPWkPNBi5o3IPYznDYy/WAgZhDbU3WiR7xw5wtT9pEcMhUi2bqu6zZKP+a2NThuwNHZEAeHcHGtlgVJ9dpi643DVf5BGm8Q5Xa9Yoo5qRO05TEyTvRtrUluVS2aigrRpnsgaSIClopHVHiK6UL+yepxjVzuSMio3VVzJ+gSIMQfPFFp/32o6UXodV/WMJ1Upxih3F4Z5xQbnoRePqCLgyD6SKLGVVf5K9EAkIDvo6hTJY49GZq1ytVv2HVgqPclc3LKCkB4Qh6x0ZojN8CfxR5L70LsSqImqr95u2KKWtfJEU6mEDS58ZPXrklC9d7t6XxR8fHrv30/l0Pl+WxSVdzhd3GTE1O+ym/cTdZIf9dH11eP7sRoJ3CT3Ydu8dRMuccFoBFCcdS1OGYk20AVKlzYscJEtLWN44aLEKGaqJNSqglTt9lCcXk6gFGl5N7MnmiF/hIQEGA4zz1Km3LCNVDoTBCdEzwDpSanEcgnFClVE/CfOncjNWguXxbpAZmQgu4kOMlVhrDupEToSZsjCIsYRwORZtMlOFbCgXMYMXsdCCxvkPJbpaQU1emj0iuB4kFVp3zu7npd/dP759e/vq1Q/ff//q3e3t6x9ev3n77jz3q+tr7348Hj98/72PPngPfabm6+P+5fOr9997bm3aTeZ9Fnoz9OXSGqzLMwmQlBwQkUe9cvNWdyfUVoBcHWE+OCBh+CFPis4AJA0dv40whAR4xdvg7hyKUwQREaw0qsK3maAMrTPLo1Cbs5eb24dlKSIoU/1xYMQoRhqgiOx2lftVzH2FTpaAhIpkwGI73Se/RKYiuViQqcx/W6GIgDgxhIyVxacZtR83LSLjYZ4w6M3YK9fKosRI/y7Ox3N/++7x2+9++PyLb7759vXr1z88PDy2aQ/ydG6358PD+czzcjgc7OLf/PDN7rdf/+THHxHze8+v78/z27t7kB9+8Hw/gfS++Pn0ODXCyhyhak4q21BgPDYvrRUgxRGcIT4a2BDzi8Clc61wKOMSK12RqVwal+gkGeG/TIoSeYSqFG3dlciIAlErYZkqLeAZkpPiKXeimFTlNMulL55e/MHVq8vJxhQ/KZ8dZixTBZGxH1ZXZZ6fSs9KregRwgU8cCIywlVQkjMcZLS2px4wPIL8I+E+BLmIiBRpRutuX33z/Weff/v7P3z7m99+8d33727vz5fzvPROa+e5X5Z+WpbTsrj8cDiYGfs8YfnuzcPE/tEHzz/9+MUnHz3/4d39/tCe3+x2jT6fT48P11d7om1Ye5gCZzxZ45Oxdsj2SnKY1pTqkP4xXfSo50tlqVSZpMBuBylZ5fugihgIgNMz3lHDyhRomZGwnW5WYYtV5YtxhovnZWcFhh+3GSdKd0dmTOM4K+hieW8oSOZGJgqw6JuQRKAitV5R0oMC33E1B/FeCU8xgJQOQb1EbhPk3vxXKYiAocnhXZh3Ppz7V9++/m//9Lv/9svf/vq3X37+1bcPp3npQVnlwukyL90XoQMutHbbWmvwRn1/d5pMH7y9f/Xu4e3dSWhs5n7Ym5bLI+qgD0tV/6g8IEW5GK5KSoYlG2rIp1MBBDjQU2xUiwWMGv5xpzAZIUJxuBgg2Ef0krnKQ0NVZ7dGWKkPvUei3xAFJWBkcIsZToWXUBS1wDAR+W/jaC7D9eOnRqn+oDFtJAXaEqSUHmg9NjsENqY/RCevK96p7by4IlAuu4Z6jQEVLC2L396dv/j67d/+/T/9wy9//+vffPHlt28eL31xX4Tu8LLwXoFQAOigeUTZ3pznZnh9evfqh7tvv3l1Pp2N3i/XVzua5h9//MHU2uhiGZQ32V1tw6oMKRBFHTn+6CUWeQcCgkM9SzdXgzMigg4NLc4FoGBEZv9siEDsrNFGpUmm+mLpW4u1e1q0nBphGXIL0AmjG+57LljsQXXJyQBN7mqEnDgEKMeoQsdcrFiIOn2zUqGyNlqlh7WuFIL8hAY+JYi+jU4WtRlilPy0NiddgyGkYWEFc7VXP9z/8p9+/7d//6v/+k+f/+q3X33/w3kBHOZgHxtOujY19AnXobkC0AQ/u87eH5dD+/zQFvYf/eyTDz98efPyxctmUsb9aMlsaqjlSaXvK0ce8OPKoIs2lOKo/qmWKzUzAptDVoNuAlKLgEdsYAVoIp2cjyJQVbNreLUEeXTWGWGxGI/3hXkqJOfF8SWUeSlShgj4jEKUzE1ngLEkoxqGsiJTrMRVkvuSiFKssTHZt3DATomZMOrMuM7NRvnturRrCCi883DxkxzXxAAIdJ+++e7NP/zj7/7TL375D//4mz988/bNw3wJ24RxtHitE9hIXth7jRVwcYEWYe54d3u6f5jv7y+n04yXNxLNrFnmgkRPblunrTLuGmTY5KMDUtHJeKoi35RfC36q4QvY0IlYJpaTXzrVGqqYsBKoK4ysxokl0yWg6XEgd7uOCIbQZz4rwtB9bF3tcVpLpIMbezCggmBWgwzuLAByZs1XrXmeKIqSeAqZrULB+LBx0f2pUDO6k26t/ZjeUMnUOBQLVqkIamVY1hHjHA1Il3351ff/+KvP/uMvfvmf/u6fv359d3vqZzevE+Q+9i1MZi3gUMuyomEkwkrIrE27K/IwTVfNDpdzv7u7f/+9Z23XRHd58mRobf5X7m797rUtFV3IuWaZWFTz1aQRVflPe0ymjo39N4TTlECD7Keiso5JS4Zx3wQGAWTBoaOcpkxMJnUKmEgnP/4+GEUhoZc2jJtylY+AQFN5D4jGiKMP2NCBINQWlzflHVagXE/kxM5U15yYYA79iZnKoVQNxRPRKSNYdqu2vs1dr98+/JdffvZ//d2v/u6//uazL9+eOmZlu6wKfg/ZH7cskSz4GkBEoAG7idfHw/ObZ1Pb9z5dFp4uuH2Ynz3XHiAtuu9wTYqw0C1VFpua9xB1Dq4Vf2qrlIzrLD/JdjgqJBMyokLWPoZ0JqMJijLc6LIkRSUTtkeYVkCG7NYdVdnJWrJkHBLcUTIRdwJg2zWVNKqoScCiVUkZJKTwaWtHs2KRVRf1RHy257lgVaJQQcCU31FtOAZRJQKr3GQPmNyABDmHYObi3cP5V//82S/+4Z//83/57e+/fH3quHgYrLrHevt1PAW4w7lMvzk6oU/EcT+9eHb9/Nkzs+nu4fLm3emwm45nP1/64chdAG8ywg2VSe1AaT5GCpaMc2EFshSzVs9WGpjKL0adRZR1RtTZVE0pcmczM6g1mDvyhmvJWRHKdFVqmG112saOhrktWhpIkoaZ5oBSeuI+nsikQd8GqkBZkB99cFyqCHUolWVMIIUTlZBKkX4iPVlZCo67Dwo5JRwlABThj6u8DHpNeoh2losC5OnsX3795j///a9+8V/++bOv39ydMStPv2noxdMwVP7O8d+Fmhk6kwGT2dX+8PzZs+fPnk3T/nzxt28fd2a7yc4zutvUrJnMmOnGlV6sGDpcrLK2apuqAY7svPLw68hUJNJCcTo3bYIhOU6UrhaVLhXJWHttUK6aJWAoiK/cx+RtFMZmQDNFPO1ALZ9GF8zCqjhEYar2KBUlGIwyZsHhhZRHPMiGwbwyfaB5tTodjAqV5xpnDgsOFRgcR8F8kEmmMZIhgnEcPjXD2jI6xEYkDMbW3b797vYXf//r/+M//P3n393dn33O9iqDbf4J0cEwlKt2jvmDgAE7s8N+d308tjaBzWXzwvuH/ur1/YcfvHjx/HjcN2mx4qVSlGtGEDr7HbB0uw5lAswObKU/ReMGE1LZOQJ53nPsUJW4MvDKxC1hqm7e3KqsId6AUQJiHj2hw6T1OIhWp9fKcWbYszW1YOlDFipVhLdgIs+7Z0Z7aILKbyuNScMkA9qw9tnusKrTxm5Fv+Y8n4w0l4yMQplmWZKDwuHV4/BNe3ZJiObCuX5mYLu/Pf/3337xi7//9Rff3t6ecXKLNNKW/a8HZwAAIABJREFUJf5L0Vl/0uNkoU5KEIHd1A67/W63a9YAE6bu7XLBw0P/9tu3L14cb66fkYzOprHEKiFAjqF6Ow7rosoBj7XkGm9UtVuBMsihOrE1lJsJJ2DU0K9KKVXnqowPDguHrC8iMlYdDX6QZtBZNpaVaQ+8yVo/CLI8qRMjU9mIcvNjRqOtXo4ysCAi59JGh4cDZxGGDA9pw3i22FOnRpAqAQA0WJzFqaP0G+ROkqKRQEXBoGkIIGjd29ffvvnHf/7dL3/z2f1ZF2HJtp8ZcduS4/+B8MR0x2MQS23EvrX9bmqriw13zB3nWT+8vXv77vn7711dH1sEfrjaD69oROKYFP2dyihV6GwoY6G3aqdVXy7kL4+dBTzZ5WnlWTHumHuEYTIKmruxxkJWnkZnhMnSwUrmlpGGoQVSyUcSUSZsraTUN+aqSOnAfaumrMWiCuEcFVSoBc5qtHG0PyzXGr1iunPhNTB8q6wRWIMwqZGSB/VCcEukv57SK54v/be/++pXv/7sm1e3J8cF6CsdL5kbqP4nRGflzeMz1EfNbMqMuUcZ0NJ1WUT47f38+vXtB+9fXV9dA0txnRE42qJecIZejnncOxOTyZZKBtIBWd/goLHasQIR3omyZZQQ1Jaxmjw84VklXqwgV1ivai+tegQK/MNVSgPEIX7rkatxdZmYMjZriClkbI2ORvPOlR4YU7XzfI8KypKlPJGe0cS9GhaX9KSalLEf+JxY7ZZn7Ybd9DxJQ9Ake3d3/vVvv/z9F988LliAPlqthGFeoyt/LDT/o78AeFIlIUFOyeW99xnoy3K/PN7dXiabX77Y/fjjZ3GkqvdFvuSB3ZqI8lBCZE/BlSWUH5R/GC01REOUUEcT4KJNSHaLIEQWNfuDqzC7eI4SBSQPLotQ8ujIVsDyOI9WXUIG84SAbDtEqSvq0YN1ei9B5tBIVow1JWoY5kjYDh+oTrLF4MCKQ4WNpNUFMq2vuMkzFai0hyqaMo59cDUfVS4U+mbctVZNF3JFWgsD3ICmvvvy669/9/l33/1wlzZrMGT+/xKdEMScdyy9BMJ8g46Ey/uynJZZ3uG+n3DYTfPC07kLjZzm+QHoeWgRCe21NL7CfvLWauw6TvCXG7sWd1BJ+BiH81x5Yg1wExpGSVea83Sqy9+O7XgSeSMJs2goiN4T5AZHZUWAGYcAF4mgAaYoJK7/V+a9CA6+hwoRk8WLkAI02DLKmdIQobVaVb66CVxzWHmWNL9dDhQAyKtN0EqXmPgUwhO7ESqIMnxhw5qjLd2++Pr1N9/f3Z3CRWe5AaUTG09rCM1WqDIsg1qHQbVTimhm1oxk792XhdBhv5smm3aH7vbwcLm7O91c15U5/RIUuLK2fDAQpmceUp6U19d3YxVn5TBbQT3iHGZgGj3T2MmAmGkba6xPNnGAJGFp6aNHp0I5qkZCwvAcSsPLnhrUxmti0i4VD2EeRrQNqXGN9xdgJbBIhNnk21R7oSSUADObWbQIlSUdxV8lHAlFmePlanjjglqEDSyU6MeN2DseTpfPPv/69duHeVmhpUzfJoS+/myFqa4vahhqk7ZXANCMu6nt29Ty2JCa2a5NkE6PF/ny7Xftq6/f/vmffbTbRVWWmF2JHOpFg57OLdbRRghTglMZTCFXssuEBaXyWDUDLtDKg6g00cAGm0LgwYayX6nghHyButSdTocoN9dwEH3ojOSo3rdCva0i4KecLKvppKTbSHYFEVHBXqnqCCdW1AFrXEGbt0Qk12eV51fH3RKtFUOQpI3ZzGCz97TqmpwPGCX+MUBKXBZ/++7xt599+eb21AWN93Ktgcr/0c+TiMIYCrc5EaAZD7vdcX/YTTsCzTjZzsje+8Pp8XJ+PBwa/Pzs2fGjj99/8byZtYZesO2As1I8qM1kZWlVfoMkBkRhJNL7qHhbP0/MbVFGHONkFMDTYBPbDmxAiE7LGuAEOScA69Qsn6EuViargd7pHLyILkccL5E83o5IookmRfwAo0FCyBMhMGFvdVWUSDJkIo71FwKUQo1AVrjSGTRYvY6o74nDqCMHsnVJSuKSP44jtIk92yPQQTxDGRfX27vHr755dfdwiXPpA020ysBGXtafwV0HixXzaEeKE4H91J7fXD+7vor6mKzDcH88nV99/528f/DBe6ezf/bZt2b4n/7dX3z84RWn6MYyR7Mf1jvWBgilfMSuJo7IIYv8fwp1l7rqgvg8Xw9irM5wBporKil2sB1sD9sDDZzASZzK7wfzlSsdmqkLtMBnthmapYV9RgdUISuDyUKvKw3GCg0a8t0AuXrjE2xgpve+SaXBvYf855lCFLFDRbSQfpFqiSpJOKQnFRzFDVHUrs5NJvNxgTCrQtb1WL+KuAgKb6tLp0t/e/fwcOk9b1rqPACwRKdiU2VnKxE+5DePgaUP5A14cXP9/Pp43LXJ2IIgunfJpcPheHV1fO+99w6H/eXS//CH1/d3jz/76Yc//1cf/ejjm0YRbshVi5PSxaABVpFIrqUycAq5d3kHqwzJMl5X2LNyfTASFhPbHm0HHtEO4IF2APfgnjiEl6wAQjqwyM/SmbpQZ/UzdIGfFQbQFIdO5FL3tDu5A/Gu5NAur/cOWsUK4hnRGkvVOm38JTc9nHdX9iZWpJlCymSCbLykKYzcljVXFFsDari+2CSQpWoosgOIRdI+ef2GQMYCOnhe/M3t/cN5ubi61lLt8S6X5KTpGGfmYsPnntDnfLNkmded6fq4P+5aIzIiZYZmrbWp7a6OV1fH483NzWHfiOVyuXz/6nI+v7599/D2py9+/rMPjgeyzhakO5s9jWJlVBUZSqeMyoPCcGgBOyg58mBuxNW5UvykIGawCbaHHWFXsCu0a9oVGf9M7h1wogvddZFO0gn+KJ8AyxRiSkqnx1FIz4q/pCeeBZiytckcEq4TpkN8MrJdtCYDzLnSIwpQhm9o9eqeVQgb258JQB/+TkXhi2KsoQIEM5S6ZHSvFxFuXGoNfxKOful3t/eXpS+eWJ/gnyo+JLkEZcSwn45vXBj/GS26d427PHOfJcytteiaw6OR3O13h/1+v2ugzxfO8+X1D4+P97cPd7f7Zj/55Nl01aAuONHrHQNa1Sfa1lIRhoZUtSRVFRQq6mJLlyK0iMWgABMn2Q52QLtGewF7xukZ2jPwSF6BOwZzxwLN8DP1IL9XnwhLZkvQo3FhdQhJRhJOSrZFGgy6Gg5mOpVr4DkK74zsmaesbgrBPIbmJpkrr1wbPAmdqrtvpCd+cQ0aNfzRMmhJlFj3CnlOu23D+crIokH0RfOlL65FiiBhHuhE3edJzE9ABt/xpwRozDOaFk8kvKP3UQ5OoFmz1gIEpmlqU7PdZEaXzufui9SX7767/+1vvn7/xV9cH0zoliXuWpcunDvVigWxCeJMZ76zoiYSZ5eVepXfFtIBs0m2Uzug3aC9xPQepxdoz8EjeASngroFmOkn+C37VPOvJroZ7k6PLPqOmOL8d50B1Mh6J8Fgecwxo4wCpKligo3XKYzk/JXJz8QLsxM+EGc1g5t4pWU30mNNUh32SV67Eb2wLAES0e02AbDGo0jpyEG5mVVxJOXIE1AVnltl86lt2kpLMGBIw3pbWi1NxJ7Yk+jdl8WXjslAunvv0bOBJNWsd7OF3E37/fHdfNsvs03uze/e3c6Xi3xHuke8h9FlrHJQpd8q70zqQmeDfGEkwcNkl5JJLndHN7TCKiMn2gF2lN3IntNeor1Eew4exH12QAaARb5YO6k3IwWZSfSAHGABFsNO7PAF6ERkVpzw6FnCoB6ZS/L0yt0pQAvQgHp9z5jY2AwhYTYP+QwXMuPioiudvqak0uvGheUCtEYMR0BPyaLFOvwXeb5MhAFl8ar3AcEeznW3ZlfXV81sjf3/SUlBuTvbpn8gpQbsp7ZrzYDL5RLcaU9cGQ9kc+/zvMxznxrNOhyapWZGa633bsZOGLjfTX0+L5fzHpe9tb/6N3/24mZvtlA9uhkOewSuCKxCGrEDHRmO72HgqA1+hm6rU/XKdRptou1kB9g1242155xeMuyX7QALUQcJNWECjOaAG7r13vtJOOf7fldKHiHtLp/pju7ooxaNgBBvTAA3jmNtoVI7RkG758mViGdz66ADa5mwKNaLlsCWW7llzT1s4QgPKGPHGWMZ0WEALlujCRXuKapbmR0Jmnbt/fff3+93zWzp68nnJ6JTJFN8+gfBgJvD/qP3Xt5cHebz+fb23dK7y3fQ0ezYWnMtl/PldF6mCRbNewySmgFawoo4KE7ArjWb7IP3nv/NX376008/Ph469TjqFrbPrYmM9fY87gGHd8HtSRPdWuB8w9KEYdRAoUmTsDMerd3ArsEr4VqrQzTcaQFN7OIM7F2TvMkhd/QO7/AFfVFf4Au0yBd6D+jM5JkMMLlbhheIqshZA7PVJVvlacVXiu6W36AsDRgsMMQ8WllnK876mQDU+8uyuG0T/EiMitcnxJfSAJb7E57GCotEWKrdZB99+PLFi+v97vbS44uJqetm8QnJSQYjkbYjPnp+/bP3nx+m6QHLjR9ccjndG7QzNrjPl/l0mnc7TNHmrdVsNdgdgRk67A9qvLk+vHzv5fF4pD3UdLU5MJLBDaSjM4Sb8OjrlAQ5v6sipQZCzIpwAC43qsEn+QSfTLfkM/AATM4dsIs2ZTV5J524UA+ud/C36D+gv8HyFv0d+j39Af1R/QQ/hRixd3RHdzjhBkdknxn5kmBTLsSLv8aBm1SJNa4Q3GMT40n2PVgzwKQc2WiHGmHvIT2j3SswypUCL0eAONQkXqKglFuwBxRtpCoHyj5N9vLlzaeffPTPn795OD0M8PpjAdoo/og/GLQ3/PjFs/f35pdTvzw8O0z7wz6iW7333pf5ckFflvk8Xw6THSPwqnqhuSDR+9IN7ORuamz7y+X8xeeff/Kj4zR5tgeNV/9hDA6FOqVC6ZEwzlEAyLJRyr3eURBdwwzyGdMC3yfjLqYo7tmCJjdxXxUtrViBEzP1qP4O/bWWV5pf9fkV53fod1juoUf0k/pZ/Sx3upD/FtwYR1Brb4NTKHeUkm0Wt3x4lium6n0ZpTwFN0KPNFua5aTxBHqZxA32dK8Xz9YhJ0DVlDGfHoXoYeKIqB0Ts9IxUvhWaEUQRlwfd3/zV//6H3/zzes3D0u8rGxLnZ/+uCs8biMbbTIcd7ub3SSqHY/y5dBsmhowLb3Pi93NF1+WPi/ybnmuwSNZiUIJQnJ37+gdvtxe7tlv725/cjxOeTJ4lfxc4576AwlGkzo4gquRcEcilDwCP7D0yEDCTmgTp5PtT94eMD1guvXp0U6PdryzqxP3C6cXtOfCrgIhJ/QHzK91+bLPX+ny2i+vdHmD5YHLI/xEP2s5y2f5oiWOq9LARjO0CHyWH571ttEsrMqjg9AQ2YtBq3Mu9V6kZ401jDVhIIuXMdJ6BGMjPfJpTe+Nt1wF/2HkfjO00CuHYGCLbsqhoRHEqbduRE3MZPqf//3f/OIffv2HL76ZT/A6GTMcrqcJClQwSE51+ePj43xo4cLOc5efbm6u9/u9cYHrMO279V2wnGWe2Mzi/J8Vq00Ep3R7d/dw+xbLrX9weLy/9Pcm7Vo0uEu3uOhKyben26AIJDrGmy6hEXaBBHbSQWf0pCRAenv0dqe2w3TkdKXdbT+89fMPdnln1+94/BEPH5PX8Twsb/rDt/3xa798pflrzW+x3Pp8x2U2X+gL1Old7vDOeAdLhEWin5xbFgVlJyhTpXGLo9ggFqowfwiBYB5Fp5HbK58rHfgEYlZLkRYhn81bozEB+O7V3TS13S7+mSohUEtUgeZw2ALb3OFCszj+TpZiVnWA07qh//wnH//1X/7817//4t1nP2hjdLHh7SnqJUyKYCp1Pp3vH3jVJjj6ZTn382St0aTeyJurKxGttalZphsEd3d6Cx+Vw/ekeu9LR/fzqX/55Xfvf/DTw9EIk5c8i6vhLDQaIa7iQ2kchpNT4dKoxhxdfwWCjWiN0w7Tvi936m/pt8Cj+NDx2DCjPYfgvfP8Xb/7gz9+ics3Nn+r5R79kcsJXdHtIri/CVK8uTuyoeYwRRyn3sOpOvhYTng2oCqDjBGEEKE4bRiNvsJjX0/NJ7fJu2WULWqJamWH9Pzu829ba/vdtN/vj8f9NLX9NO12u/00TZO1NsVbEKq8QWC0h4zQGjAqEgGzLZX259fHf/dXf/mr33z12y/fzJeKAGyp8gZ6UIw3/uP+8XRr0GHXfIkmsefzY2s47Kfdzth20d6shRHKtXGEjkZhRBI37Q/762c37Nb2fHv7eJnh3irm2stPNMmJFtuVQ1K5CHTLxhWqYPno1U2oE73Op3pgGeNAlC9YFiwz+oJ+wXyr0w++/5rTjaDeO+c3/vCdzq8wB1Oe1WcsPRhxehEBJILc1AMGKHGgTvjeEl1EpNwRvyJqiUIcfJUeIus68tVTFb3jqj/Z1TyynQRanjwkh/hMAD776lWIq5FTs8Nx/+zm+tnNzfXV1dVxfzzsDvtpN9lkVjVQcRuFb83s3onKVmV0wtW9X/7iZ5/+5V/82X/4v3/1OD+Egf6TzCdNa0mhgLuH043ZjrxuOl4dpnbdlwXy49XemikL/5iVzQyMhkVctS91tBHufnV1ddjv4MfDjsebF7S9e2QCJqV8CCNqnwmfYL5loLK+SOFvExHyDbeRYBAOqzC/0B3W5QsMsDMuj3654+mtdt+gPVN7BtuLcrr1E5d7zPfsJ/Zz5kw7oYlu7pEiiM7wlJu7ES0kI7uc1dR7vkewOUxslTtnqSUBVnSLVIvaYGXDJub7JjLgykxyVd6abOXPcYRYonfYLvxRF3rH+f7ycOqvfrgzkvBpas9url4+f/by2c3NzdXxuJ+myeqlV5BkeQw3mGhXRPMx9/7119+/vr3sWvv0Rz/64d3vpOrX+P/549ICXLqf5qXtn3364w+vdg3ZZdx7n+c+O6swQFVwENgTGhkRUmdQmNaMrdF2bdfQ9o7JBcLhPSJgGXOgws2VxuH6wBYz9kxPCmQ2UGe5CaM0q0x3xIecrupcO2vpfrnITPZWdvCoXqVMC/vFfIlqadMEb+pN3tybZB6xnMQyg6Z8TXSaqmS7irZOCmmII0oNMK9cp4S8D+Bknfi1ojjpouspg66SzibZeti0uM8EANYyappxai5CdtoTF2F+93h3P3833TbjbmdXx8P11fHm5vj82c3har+LkunsLDleZQk5v/v+h//zP/7d5z9cfvbpp3/46vs3Dw/dNwcB/oUcKT06hgCdvd/e3716pU8+fP94PEyTyel9Xi4XNqJVdWxsMkIZI2RlUI/69fIjSWtorYuLsChOHE35VrgxGrJnHaaHYYDicF60b50RLXxkYLN8YqeMaPBGTkRnFDHSTR4NnjMsRMA67SzrUeRCWsvgNSmDJg/p8Uky9+Yyz+PNkXUzoEV1SAy3u7JtaGULAm8qHk6Pop9NCVbgRxLqWDnU+zgGQ0rjtRJtBvvJ5C1W6WFKT4pbsBbf1F/07vOi07kTbob9bt7vHg/76Xh4sz9M+/10POzCxh0P+90UCW/Q2kcf//iTT3/anvuZN59/8+rxd5/N50tJjf4kA8qcC9CBWX6+XN7dLhOW66vDbmpyzfM8L5fdYTftGlsDGM5ediZQL+ctoZ5R9MJGmoMPp8vDab55tt+3yZBWuLtfLvPpfJmX5bL0rhTHRlFqkDXtd9zt2jQ14yR2wF2daFCHp8dsQWsZ5Nblzkx0OM3BxSjYAluY1Tb5j2RQg5o0qU/CJFmXuSg010j0W/zKNKTs2lTuYYRIE3sUftmTs5dDSrK2BUPg0sCNjQCAUc9fR7M4YuwlPc0yzpwuBsvxZ4VPLHMYMIfOSz/P8+2DE27G3a5dHQ8318frq+PV1XG/m/a73WG/a9Ph5Qfv/+t/8+fH7+++fzf//Ccff/nNV6fLeVHlsUPAt5ITjs1azqvF/TL723fvTqfdbrLsekWYKV5xLJg1MzUztVFLjJa3gsld3YmJbOp4eDjd3p2fPT/ouPPO3pd5Xk7n8+Pj6eHxfJ7nS48T2/WWW8igyXDYteNxt9+11tismbVmU6MMnVAzGkSEtMoiTabMdRBOF7CQnRJ66Wmw76h/EIUQIBNaRJAcFBqy6zugdLWCebjyi8PWZDAom8OPlxHlehIbIQuQR544Hkqbis2it0lVCbWofN1AT5xEbq0GV6NIpl7+aXY4QwXSYvtJNhCXRfP9+f7hYnbbmkXF8fX11c2zZ8erq8fz3d3d6/vb00fvXb3/4ur+8fRwnvtT771+1vBkjCPjVHGYXu5i+IPM/ejoAhrYaDJZIxto8SIsLMHmvccJRHdMDlwuevPu4XB9uJp5vpwfHh/f3d7dPTycz4sLoLlZdT5X5YXdpKZlahczTQ37XTtM7bBv+6Zd09RsmjiZmZlBzdQaUm7ylCrMZOxmTkcQj8L52vU81WwZf6y6EIz3U2oEb5gkOgI2ceAZ2fM7/gFMqNKGNfTAql5Nglxv7gs+pPx3mAQzVD1xHEZnRb2eWC5gtGfLADML0eSuasCSWQtl8IPjfTyVLGGHA9019/nhvLx+d7csl6Uv+31778XV3P3nn/7odFq+ff3mca7Xtv6R1dp+Et6bMaI8NLPWIi7VrBXh8AgQmRrVKTOLln9rY2uS0UQ8ENjJ128f3j7cd+/RIEZAdwg7MnzdUbkEMIOEQSVaB92xOE/dMJu8oTd6M7RGQs00NU4Nu8mSqEBGNnK/a/u9HXYtzN/Ustg24ioqDzn2tedbdyGgd69XmYQSAXk80cCkOBnl4Lbda7yjJYhfgZMA+ODXAONXyBzo7jBDrimjy33mW0Q4DRa5oBGqyy4IFW3iOI4zlGMgUtiyjPGwHGVUkDiX26oPGXt3Fw/H6xeHa2u7jz5yYdrvrn712z/8/otvlBm5P4U8dct0eP4ojE616ArpgGJffWWlNJDTftf2B2s7xRtisltFszbtDvtzjxhoNNSwKCqJEvZ8r+Bo5ZClLuwEbLxeMGLLJNhgjWgiPcyWjLB47VwwzXgVfLyOhd7MJ1uMnKZmjWYws8laa5bNAo1ki3e9ZAhzTeNCcrmS7UauS2tbjOgMGlGmzNV5aWk0HQ8JC5BTMp4oLxHpkGvJgn8zsvUVezImqpTLzUnkKmMLeGEhE8sB5QjdhuUcmeh132t+mWVlShcbjldX11dXEOb5/NOPP1wuur8/vX17/+rdbX9KmYdEj9uzOv4xM2DJja1ZM6MsHCIzTcZGNeNumq6fv9hd3WC3F5ujxelxJbs2tXaJEFzMOQqxgkspz2tVPzFleQ0ii8YsNVBm/EzoUAPNkxqQbhS6VJ2NEMcVkS0lWkRmiGZRvaMWI28iFxJmbWq0DDFsWSwAd2cFaQJY1b3ewpHqlhieFLL6zIDuZYmF5gqeHoFHJDFitLFy0GFNMvcwD4z4RpauQE89dqiOjYJrQC8Obyu/NLhSXhdwWLSqMu14an5I2+32rU2Pj6d3794RuDm2D99//qOP3v/h9jZOtw6rPABsoGobXUdJWmPbse24309Xx900mdHSo+5mnVhaa/vr47MP3rPdsXPqYgcJer0Hx4VeQxvZZxTw+1ieoRTVM/+pfBOjjkpxW189jqEBhOLgngjkcfNeTJU9XyOflXdxToMw89bUWmuTxYvDjdieoA6uPSp1uqtiJRGwGu9ijQFHFCUcfo2i2gKlEatKgfNYBkrq66vGwwevs2t/HO8xM6tykwzOq1oYh7efBzlSg8dOoy4qOzeEa2VEoSjLvFzOp7u7U5/Pz28OH3/0/n///WdRNFYChOJWeYJ71BuE2Zym/f5wPF5fX11fX99cHw6HaZoaBHVqbrbAL2w4Hg/T1dUsuzgWeRdF61K8vMmiin3rVRbI5fzivUwFMtoQPdLiXVcA4z19EdRS+jzatIwUkC9hdWYHqGJxkRgISYxmWfns0qE4PuURwyM0TRbviyKHKUgBcpfH219TKuhi7xth4tCUlIiRsKumdCjRkbKOMWrL4O5PpeeJBV2lJ5rg5NZFeM3JeLea4jAM5OpyuWitDJxGegEVaLKo2UjmZJCfzzPR9ofDTz799Ie3t/j+h3en28l4ddwvp8uSEk1VaQTSGsOIPKhF07R79t77P/rxj5+/eNmmnbW23+93u92usVG7puMe+0mgL/08997cdFmW8+xyl7rYsb6NDpWMKLRjAQ7LteRwEGpLQbJZq69lQafqDUCh2QFhI59spCnIZ77nO3Y6qjmibnukBWswBh9dDQhocXHuIXMbZhgAUlKXR42rZjmlaRDSCBCXslSkEnVKK0ycY6wBRo1TMWSWNkGS+4b3yBclt6AiIdBKKsiGlgFGugzubtaMcPelL81aLHFYgi5171lg7e69Xy7z1fHq5uamTdPL996zaX/z/icffvJn0/Hmb//uH17f3vaOTaf6QALsJl5P7XjY7Y+HmxfXn/z4xy/f/+Dq5hn3B7ZJYLdpmg6cLM5tHm52h+ag024AONsi3D2eXv3w9uE8U9bUggFI0e1VI0UEDGs9uHKMpPpkpFfNwJGwdW75ndGgoM6dU7RoObUiAINkpHyFdCExYxw7L6WufEhBR+4dc9NZrKYKSzgK9BNOVmCNWIXqtRY+Fng1v+H/h5c3RBjKF+wp9aLW6V9Kz+V8AsN+UUBr0QPPBqwShKHRJLSmCgZ1Qr1LmgdviBRRHmXxIGF+uSzny2Xa7Vy4vT9d+m43Hf7VT3/6+y++PC3Lw8NpxUgzkzdqv2vXx8PHH7z3yY8+/OiD95+/eDHtDpj2apPaDoC3yW3fm5FQ0/7qeuIsLa3BWlBr2x+vOR2+/OZ7dtIObTKa7SZTn/t8XvoM9A0MVy+iWL5U2lL3FCtjArtnr90M5ZeJH1vJgWiHR8xLAAAgAElEQVSqjeLG5yhDmRttKEpKFBhXAgt/VAilzUG/UcuGAnvAuys9LbJZV3eFw9A2xCNVvtx7kt5QnQxC5nvmJKtXakZxfcMMJwDn84nMViYgrUev9WbMd+xg0PKc8OIud3f33hf3fINm94jYR7speRbDazlfzpeLtWnu+vb71+/uu9vVgvbs5tnPPv3J7d39mzfvHk+nSHwaMBmvj1ef/vSTP/v0xz/+0ccvnz+Xa3GPJbBmxtamZs1IQ1TY8bCgCYvAxtBSs9307MX1zb0vi2j7aTJrdjzs58tjv5zcF6DLe+99Wbqrlx+gUs2UngptcqV3oyA3XWohkzpjnweRiSWr9pesgOzKQYt7FVrkdm6DBqjq6yIiTCI8nhEk0SB0dFcvn71f5kUwazRqw100nBsZs2YcsJa14STl46hMeDLRXagKPIb0zPNsZuwW7N9oZmbsDBe5KFkkvPrSXfmyvViIansY11QSP+r8pWLUWhwOe/P27jd/+Pbt3dxhh6vrv/q3/7Z3/fKXv/r8yy/mHoRPbWrPbm7++q//5qcff7CbdnJB3oLFkdbaNO2mODxqZq2BvH/sFu6uzMSe77nV4nz58sdLdxfcu8vbtDdyurra75pR3pfz6fz4+HA6Py59Rr5iZfgBgUAs5lPF7O5qmQyRBHkSpSIa7l6io7TrpOAcrYAQdCSksmq0ssQldTXFBPFr/S9I1ssTSPl40bbyXFd0vhd7Xy6Xy7wstMmsA/Qu7+7qLnfvSa2aOdCXhdBomJcJje4KV8NMoNkkY6+SbYx+zXLJHE5BaFEh63L17iUABOCAZRSCZL44iKslRZcq+lMsgAX/DrDtDteny/L7z7902osXLz/96U8/+vCjP/+zn9/f371+99aXxYAGNWq+nL07dxatvGiEe5t2+8NxalPMsbukrqn5pQfKxgnEtAZ6km2ubbPzeX6cT0bfNTvs989vnn/w3gfn+fTq9Xe3t+8I5TH+PKKf0bCc80B6DMVAnSWtA5sCc4QRqh57n5YoifoQynKYyy1HSXCMwip8FtCWr1Ht3efFT+d5nnv3xTOExaD0KfqCOJETbTdNu/20c/fH0+PD6WFeHHIa0bPqD5L8kgY7HyV3lGxbRBR74eRGelJPBNK7UC+jMbPSA6C67puy00gpUEQHgzMlwkZswdY1g9HmGa9+ePfqzbtzh8Pf3t/+4YvPAez308uXz+8e7ntfdsTN1eFHH37QL+c+X3g8GuKwaptIoy3de5+jjj8ih70D3cGwY+aSq2NDdVc/BD5f5sv53OfzRLA1La7uh+PhcNh98qNPDLh/vHdfQl8yqLphHYMPxUnIcucTZJQGvbzROhlX5qAa/VNxjIBZXVSeV4hTHhDIp2mUWEjuvizLvCy99+7eO5YOAe4R4Eya0UcZf+FYd+++9AXW7HC8Plxf9b48Ptw/Pj4s0eMEALJWIKUWDLgPubKW9MrIZm2VHhUE114LT99qy4ochB+QyqMRl876LDDOolfIo7w+l9PVHfOC27vT3cN5IQTMvd88u/7o4w931vqyPJ4eX73uR9PHH7z34Xsv2BefL3SZTQiZgHpkJxjHpxJl3V2RHg3aGLEwqgmU24gnyS2qTebF55m0xaWFcu/d5X59dfzow4/1vT883gMy2nBrkGVDJRSx1hU0C2BwV3fvvbunU8KN2BGKAt9ku1bdm3MBrbVkDMzrAEqOZenL4r332CCvQ0m9R9jGqvMcsLZBSaaBYE5OJ1xy600SObW230/TNB2Ox8s8L33JLiVr5kgBY7QWPNZaFBImedhIT263yk0AkT401ZMrljXChgfk4EYUK4EpcpJdoYSVL+7eLhe/XC69L5EhPEzTTz/9yZ//q5/Njyfr89dfHOb79vy4+8mH7z0/7pq0nC99Xg7Xh+X/ZetduyNJciyxC8DMPSLIzKzq6T7zWI20eh79/38kHWk0Oz3TlZVJMiLcDYA+ADB31iyzq7qSDEa4m+NxAVwAgdAzeJAc0p9PgjOJSZVDK11yr6Y490jAxCWbuakPUpgpU48DMHXTX//07eX2MvS57btPuIeCw25zrlvlR3J4QMiMqqt67JWf2ZY0AkTIRuE4yphhwIXC2ZylVZughqExU39u+74N1QFARFikRsRY5SkPF5pCR4k968MRQTC5w8zGrq69t2VZbstyddOhqjWNPi/cI8JkacJClBtMHD6nXqC6Aa3+TsRZGSisfMjVjDJzeQKmqc3UViRIzNxVdWxDNaIxcmKwg1WHqiKHfNLtev1ye3lZ14/Ho0Gx3b9d2t//6etfvr5chchZ9zH27Uqvz8fDiViYqTMJg2dEZDPoRKmdOcU8AYvBuPkKBwAJNp85Al5KZl9BsI3p/e3tdr1s+2V7PnNIQrh+OAFmlES0zEtzGQNTNTM3c1N4TgVKc8BMwlymHch1IF6ENkSEC6ZowlLTALzbvo8R5AAij/m43DhCm6i12cGsziiPaiU7jrgxLWfOaWJA3W0fu2rvsvTlclkBGkND347iWILWKJw7qkt5hv3J0JimxMvw+TnVkafv8+9e4ScyUA0eHTui+2VX0xmDljMkAjWRJsI04L6ICFyAtcsq9OvrVb5c//zLl9vSGlOX5cuX19vLjYXAJMIcE1YqjQl4bt6okKasTJCTjSxTelSg2TOBzBUhORymZk7G0DEeH4+Xr1cmTsmnqKA6CMLks/Xc4eZ7Oikzi76x+PyClEQ5BMWzly1HRFGmcGIgZIoORSqSzOy5bc/Hc4zdokEW8QJ38910t+e6XqS1JgTAzE2tgALcnIQTwIfQH0FM7gSMJGCEy2rY9mHmS1uWZXXA1FTVVL32o8dcjsyyMkmwmA7bkx0Rp1Inne3e4b3TAk+B4lJ3z3puSGsT4SjLRc2iDCwxLUtfW3v3QeTfXl46k+u+NP7zL7/841/+7Lq9XNZl6a8vL5fLS2sLCNLa5bpm6JzPM70yyBGj0Yg55rCM4WbEKHZNMmHKfFTTW/FiXGMil9sQY9oZ+9Z3HUMt4kfiUHsgdq5Fr4iZafpliy4gP5WqSjXDlwbZMQeP5Bj5CKNYmJkFgJrt+9jG2Pcx9jBlOcggoGT8UXcMJ9qbeeuttd4ajaEWRYuQ4kikc6ahT6a55DplLWu0bmYK0613FwnZIBMqnchoEk6xbijva0pP3N+nGkqaoTqLrNROFF+wDOwzyeFxQcwxaD/65nMDArlDHUtv//w//BdD+9d/+83d/8//43//y59+XYWJZHm9/vM//QPZ6K0JU+8LkXALt8ssrGYGSwI5igQFBiPHeDuKhJqV9Gh3q9B1pqFCMY2iI80CGcEIOogYe/gLhzlRzHkO1ikF2LGA6RowPsaeeDI759lVdijI985k4cJYKP4hYiYmsJlv+76PsQ8dIzB3DHaS+ZaTwROnOWK2BhERS1+WVcx9qA4d6S8mEXpeTz2wDPmi+cgQnddGcb9oYr23JtJaK+Clphqhj6rVfZ2kh5KhzzM/Nr9mbvIsttOhUTZOlydD2puEQdErBAexGRh8vSz/y3/9n/70p7/8t3//DcD/9r/+z7/+8m1pAmVq8o//8F9cR6SG9n28fzxeLr0vq8FNo9zpGYEfftQBsLBzmAR1NyYCjGYGL5PvXkAEWQt210BJhkZu1lSVBnQMuDOxuQsXawshdOqpE+GnZhXJzyaZKKFhduazM1sQwViIZmxoGKrbPp7PbR9qx9OmiiePMr/jVNp1D3GJaGFZF5Egs1AGKmbssVGrQqK5KuVkIyoeCNNq24zsFoQICbsSK4goUwQjEq91pw1lUP5gek7Cc1L1+jwkifqTbFH2GWhSPk5XGDSQl9fXvty+ffv1n/7pn5Z1TdYBIG1phEtff37/beh+ub44Pe392Ze1Lcv9+SysHQefCCOvyp2YDKY+3I0TKzod9j7VkNyJa646Ah3FQzFz10gxRhnYIcwgYhYgm/gLSlQIE/jq8xQgj86DkJD0TSLixN4aFwQFCPu2P7b9ue1jFJPm8DKxCTTzK9POW4bRFT25u44x9n3sl+u1LX2RxT2yyebupmqeqMjTWR+GOH2IZ6AdAFJdtz3vdV0X4cYkwmKmqmOMkXKkekgPC08W+H9HhE7fdFDa/wqPz6+qQXdVhvV5iSTSvn799Xr7OoZjV2nShPexmTtx670x0fZ8bvuIB8nSW19a70TBcDWYSy1mCwgynQUzq2tMAQsw7emL6Kg+Z/IpoHAwSWCIRvYsVqECABCCjHHKllmEBvNE3MlyeUOFU8WpRuXTmrQujYVAFnGpuY1937bn/X4fOgMbyeA2yvE13C+Tsl69co6JLvyogdBQ/bjfF9V1XXvvSskYy8kMpEVTTcSHyrPMJ2dp1CM55NDkXPQOEWmtA22M2BDOrCpn6aFgZH36+hRulcZRSf9xExMgokQZGc94VZLBItfry5cvv5gRwxuTO5GaQLhxQGwibPv23LbIgJjauq7MHPifgpiTKag0tw4QM7cwn9FIm4/VPSpKNVnm8K8ETE6OlcsObU74MiOGyPn5p+gszz6VNxsMqDogc5cxE0kTQoQnGSLqsF33fYwxdlXVaNEhqgSSn096AoX4bma169NKfjOgdbiZbttTTVddW2/C4gFlLcZIekWGh/T4tD1TiBx+RK10fz7H0N57a42ZwCJxg2PMzRHtdK1/EJ3Pfz9KNSexPUnRNLwJssskArSul9cv30S6qTJIgs1gWESQzRs+ho6hQCyK5ee2retKRDqGmRWQAvk8PQcRM/fWfJ6me46LC8A8z4Zy1JeXN6AM+bNQXckRP9+RZ0LQff49jrg0KFMtyMsiRPkhI6mceORmA2q27fseN5PbPiVaxYFZKq9I9g+qWz+pZROYFYCzU1Az23c3X3xZlkVEGGzlxIxYSY+08LyhoitNUY1/qamZmuqu2qS1lkxZYm6tTROYipu/5jMTlEeW5byzYYp1m3DPSs8BieIZzLsyd4BF+np5ud5ex+4+3Xgs5CYMHTDm1vbnxkS3260xk/p2f7xeb3DoUJySmcXfIwQqaU1aC1RU2TJC7meO2tsn30onz8vzWpO+VQMm69VeSdcJR3zGLlQ5ulmhYZ49ERGmufuIoEVtH2PfR2C1k+JVuv4Q8kMZz19+/pWK6E4/KO66+z72UJnLepEmTGxsZuE6KdJHCYOAYi2U/EQ1GnB3dSOHwXwMIu69tSZSvBiWfkgP8kxPol5+hzJN4FMFqCBhQnr4GVrM5+WxpNlxe7mtlxeQmA+fc4PdiWns+64D0oVl7GPpy+3rVwz9/rff9o8HfkVgNZhTco8w4b4DvbXeOxMH4zFUkhM1MCWVK2JNS6a2x4imSIvT7J8o+J6BU+ZxvNaApfNKgzeLU0h+VqRIeG5JBFF4in3f920bqkjjOSGwl7bFUf2nSVhn0fCjh+EPX3l1pVIhmkOH3c3MXm4vrbUKscnZycjMIvxyd2c6dk6WhUvvlpqWdeJhA08w09L62heRU7bQKwZLnDJhed1a5hZr9mp8cU4qhVVXFmUC/mBoEMnt9mW9XCu69Jjzaarfv/+2Xi/SWtCWiPl6uy69b+OhQyNs1qG6jwC5U2jSQDKTcA5WhCOyKdxiGFRkK2d0ZGw2dIwRQDifo0eiKB0B5+ofrhAdBg9eS50nHBmEJ74rqyMskYQ1rT/xZZpr0U7zhGmakHTwSSY9453pLQ8pOsV1Zs6MOOcCg5gBhJu7+bZt7n673mJsbYhFKH5UDNOLVUvGFNWJ6cyNssHUa3Sc69B92z/lms8JxDy4pFATiCQKqpk0Pg8znMdxgszlo4lIiHu/rJcLkzw3NXUdu4BM9f39/e3t7XK7rJeVic2sL116d+bnvn183Nf1IizBlBARYvEYFR0aRtHuFK2TalDEgAB3czXVMczdYmYJOZo0YabWxhhj7DEVJewfkySKCNMVCL76h5Pqm+Y2H0DcYlobloi0zG0MHWME2TJSfkdSKpn/x1fkxFB6nyCtWtILix3iVhp9AAvPfUUxwMSn+0vnYT728W7v8NuyLk2amXoG6GUJ1YSdDDXvsAjCkRApAhriHNwJMNiuTnaSnrgoyh4SEFFs40UBtET3pW5HeECT6OOHtpQQutPtdhOW4Bi4uapKE7XxuN91DA5bwWJqZkbMBjye28fj8Zc//1mY1UhYWmvRcFcPjmIMgsFd92DHuqkHt5LIVBF5fgvmC8icWxdhtOZunI3xLpM7nG7rrBgUmcHUKSbE2MVQdebI/nmWyWyMYaaJUmGxuSjOrJz6fLgH2x2UefyUIsrbmyb2JDsTVlNaqbz4kpeUiEwJOoLiYI/Hw+HLsoSvyMiggD4rlMgs+ntC6lC2KN2rp+0ogAIQPkXs9VUwsNrafcoMyqx8BtDzR2HOczFvramSl9srkexjaCZp4SAzM92FvDExXAjcZN8NBDffx1DTL9++DhtgbswsLQ+Gqv/IHAjSv7u5juE1RssB5JRiCh4AA2Y6FI16eDSOMXqu7vCj2yGbntyCuXvML0DO7UjdyeQBYOpDh6pHMi0SRekVS4mnrnkmd9jLuDim0lXR2YGZfqQpFDOomSLHJe1UYjchF2j2CpITaNu2MIOXdRVmCFHQRGLROKUnSz8Vtx/Sa07EE8YG2A6JmGYuuwFLekoS6iIcyC3C0feQebHjWqejCg3gaaeIhZf1ciXqQ4cjuRlqBnhvbEpCTmbmIzLqcIwxnLBcLiTsCm6N8oyImeG5HGCYFfmaSUBwkJipq8bciKmSVCRSN1PdQa134SyxqznYDenJ0tyG0Y7UmJPEp4chmUoUK5hVdUQmcwpLgZlPJed56qmemIHz2Sw5Ku7JztR66WGCqIpAyT/H6bEdTy9k3MtyEvax24fp0NeXl5YNzjCrsJTSOYUkOcX2ATINCOu1ePR0N/WV0vPZkEwZP8lUBSXzd73umCoqmfcQ+GxZLwQxBRySNpLMTFgu6/rzx+//+i//369/+vX6+srcmIUI5rYsy7dfvu37MBRg55zbqEOf+z7UlnVd1wsIuV7EzbX2055Cd6q8bfg6dx9jB4x7Ppp4avk0gxNeqiwsczJS2mOKdswx9k2HVoI5IYMwn8FHvTeqCMFTNP1IQNRrZ6Q8n1Duj/AUGQ6DUa6QTg8+yPbnJ3cKkQuoQU2fz4fqeH15XZaltVbUPTJiI8twLE48gqHoqnVzJzOdF0anADHn98x4b3q2Q5hCIBCznumT7B2/UHKTsS1JW19fvuVsIhCAYEi5uxAtvTfmx/3jfl+X9SKXBjgTWmuX60WIoykiIfzQsDfD1MxFZL1cmdnMdOjYt33baim5FzSp9pg8Ycn8iNvYt0U6pR31KmhOLZllh3i72YeEkbmboVYd1IQKlwkxvqP+G9Pb+Jzc5cdPjxgnlZCYJjJKOUvXVFi75gy4o1xFED3+6NdOT++TULn72Mfb29tlXdfLpbcWYZQTMkEVTSdm7LF4I0sGwVHK2vTnh5/S459MSunOZxUJauc541VvdxwFAU7EaOt6fXn5apaYk8kRsaRqhFHruo6Pd3YIgQA1dbgwtd5MTccABc00qcLBe2OW1pelL2pqHiPxhpnmONc5ZBpp5r1QSjxrcx+7TbKsk5FwBVwIr5W9dO5qRtEpH61qEUkl7HBQrgaaD6nc90Q74Wzg0ES9pWae7ZgFexNgobxnJKSmYM7aeHk4nkDfEsrTHwUI+MPaoXxa+77njVwuS+/CQsgqmjOTmSpRzPSJli7XySKd9mUmdBqmVTjszx9fVPIUUO14oR+mqAw1ERH1vq7XW1v69tTs4Y75r1E4MkOT5Xo1wuXl1pbF3YMb4IlHFAQE2clMTa3iFxFZls5MI5i/rm5Kmfg7qzgihMyKdyY4AUNuRPDAx+qN5w4K5FtqDM4wNZbYBBruMdgtXJDQK7kV1pWKOuIlIqCUikTlp/Oti6XCNylESChwRPcBLqdfKJQTeoz/ntSUjP7nb8YpDlV9PMwM11vvLWZM5nkQUfJuHKDMUYMF08JWOnFKT0X17J8+yc9h4rzpYjyWT2C2oi5QpoN5WS/X28s21AhgznhGWNzHABmJ8PXL69dff7leL8SybbtqDFnwfd+f21OqC/qIMIkY0npflsXSiqlpjIC2Cjq8gFdqeyLrtAuR6xvh1EzVbTSJXF+GWwSGO5OICDGNMWK3ADERyxSOOBOm6FAwRAqB2N1BCXUCsSMIbJFxK5HhAwfQbEsNzTma16fr8fkvTEk8MkITlp4xxX+SnBkwThyy7bvqz+vlcrldW18AN80BVEYUHIyIOThJWgcy+dTHfgj2dFyna5pgboah6dTS305dD1NELK33y7KsY5hq9JqwMIeM2thb71+/vML8+bxHF4IQuoiOfZjtYx9jyLL4TJqHi5fW+tLXNZa3udsY29g3yoVmOHOQPk0zSBBabRggUyNka9i5CDBtUtyyWaUBTk8u3u14xIlNMqaIdwkAZEeJLMKN45ESMQd1cSaEZm/gvAcvP3bEtaeMlMevUKZP69lkgHkUHk5vl08vC7oOmPn98XjuW1/Xl9tt6QscKqpjCLOpunnMOQ2XHZ7GzD7lmk+yGrhlMg/igirmDIHnGWTWTVV5NP6+Ltd1vbbWYzZDqFqkXL5///64f3z5+pW/fTMb5NDn83l/PB+P++Px61/+gtYY6K1RlYqyd52FpEnvzGyuakN1uBnB5fzckD3BiCU+Obcme+3CTBJR9NcyNx3mDlNnLjPrZd9PAacXgKhNVD4fdMlTDfOqHzhwetJGlO4x8LAjMhCEzwWuoyBbIP8kcKBqGjSNAZUlwX7CoudcwHykpw9AmfPwh+quw9UeNvRyuazLIszcmpkryNg82fSodI/PY8GssacEHwiwMp51BcVyDpkvAZq4LrMi7M6Xy21drwRh9tbIAezjeX/8+P79x/fv7na73twzdh3b9nh7e/vx4+3j/Zdff2URImdhi+QxwCBhkdYpWpkI+xiqQ3VEWyAfCUtU+pXT180k48Q/YCJyc+YmrY9hbjA1Y2NK35TvQKntiafKPlsWCaKPYM40SNgUR3FGKfmYCbEzAtn0iSnzMwCeBmOa0AMn1fgwQu5bT6M3wXY9p0P+jgjvJD6fYO1ReFHVZ1CY97Gu67IsvQsRMk5wAlFQg9l4ljVR/J5KLpRE06zYf85gRO6C8mdERVGJU4um9mVdl9bcjAABVMfz/vH2/bff/vpvY9vXdRU4zBhwMx363J6P+93MA7zb0eUCwMHEItJaWBFTi0kM0TFDx6VZQYJTni5il88mn5mHUuu99T7badwsNs2EylMO4vtM5sv3pLNJwMljRJqxQmsceaf4JeLypyezdH5L4lpEhFJPn8+fMiMQ0OXsK1IUygymwFZVjXD6uHkT0+CV7YS57/uI+q67r5dVRJjFzCjiZGdyy0K9nnBPygQdKNl9mt7PtnXqgpfinB+UY+m9iQAI68qE999///0//uP+84e4slDnnEvuBhsaw9OY+e++fSNg37Z927VqbIFzo01kV8VwAK7uhrEPVRVyR2x1C4/uYWPcattIgTqviCrola2L9xVEOVQ0gbSBOT47YvIZCfu89wCSlIkgq8yyI+dKh+HzwmyfZKye12nOY2LwMHMOkCkqsVw/RKWvUpi5co/xhp/CmoAeOar1+NwzgJpfwVObVszgMHv/+Lg/Hrfr9eu3r611EWZjPmp47mZKJ+lRsxq9gUy0n/LsE3561WfTu6cnrMjIAaK+LACNfey7+tCxPX9+/9vz/Y1sROjVCEGsmMl+d5fWvnz9iuoMr1x7lNIbiwS5oqCJw6FjmGs1vlbEhWp5o/m9mYaJLMtszmBpbVkugXs8jicSyi2FKQlKdf9lZFCVQ0S6DvX+yJDzwIjTvc9rxHxdSiIQvaUUNpPdJTOI2Qt4SkB7CR3Vm5zirCkfwYmgSNOnRy0aRvpIn6KjZFQ34WZgAcjMPu73oeN6vV2ul9iuQJFEdHN3lpP0jKFEShHQBmvKfCKdisPnnZ+c85EqzGTQ0hcCdAwfxsD97W2/P8iUy5Rc1ktvLcYOBN3WQdxkvV5zC00Fdswk3Ig48rssEtMw3Hx/PnUMDkvjoCLFUdnkE6CMat+R1jSzyP6yyO32st/fI3lInG8Sa+LInWP2AqXAUErM0Ssy7UOcf+XZ6wmf6F9HQFt4hziiD6fsRGZpHIAh8pJ+tKnOt/0EW6LJBgUlkFg84HhiPaqeTBhpkNRKntxPFxaHR6K5Txxmtu27+ftz35Zl6cuyLIsjKL4un6cgBDfP2SDCIASZMS1o8KXqrCbYg1O002F6V6LWu3tKjzBv97uPnd0D27bWL5e1txb8obwxIm6de9+2vapHiLZjFoEjelZaq0Km2b49ocoS+9YOtFZyc0r651kdJjOI7QY0abfb6/f392zO+Pw/BncWU53EvdlOEW738IpVypyPJJB6oEmg1m5Oi0FEgMwVY5VGdLMYhg+iocMrVXqYjfKE5lm2rDLrEXJxtZDRMQg32FrRHmKl81PEyzCne3FUUSSI0rvqNvZl7PvYW2uS41txSE8cfYQ5gbCt7L+5ExtLSlDtgo0sGLFzdpyBQMzSRJqZj313NRYZY3MbERqIyGVde+9MRO5M5cs5xu6TVvaFiVprLM2dVF3dpDWKLtAYcjIGBwM9JHoignKpKFf7OeCgYKkzE4FZ5HK9gcWJPK0UorIVW1c7y6Y1YAvIYf/u1akJeE4cTHxcaBdekyKmpajJE8SZDUrpCZ9vNsbubq21ldbWe5PmHKmVw/wcaTo9AnPCJAZPSUhutQhXgovcQaZEVCxXQpmAMmVHFsYnkA8HuvtQfTwey7Kul7Uvnc/ze2IfsZBESdiAyIel6CtoUO2EaeXKQJF3SgY4ASytM8u26T52MqRlcg8gty7r5XohuKo2m8fhLNKXxRKXBZjgJgLwbjZUiYnaRX0AACAASURBVGVZFjBp9qRtptpadlyf7O/Up7RgFUBlAB8dWW5O0oiEmXhZSVrCttRMJuJYTNlEaK8s3zzbctY59bLO3z3nYCYCzK0NVKQyJyKW6ELOwpuZDrUxxtj2MFxjDFW9Xq/LsoByRx8Tpy/zo77tJXju2SQatx2z3mJqh7BQZb5hOdPFP41dziuPb/CRfExnzEHBC4Nidr/fn89HW5bL5XJID2Cq2aBPxYGNfuoMVdzNbN8BbC2GTTI14QRoFn6cl76a+RhqZjH04Thrkevtxcw+7o8VvNxex1A4VI2JL5eLJZo9esf3oaomLMvl2lofPjxGu+xjxuFHfooqMj4sT/4gGARWDeIpYsTEDJH1cvH9aWb56M1skDcj5iaNibSQaSbYMrmcMbFT5RJ9guD48IASKdkijNjCFMoGbPu277vqmB1U8Wfs48M/PMhcwaMwV9PZluVHK8vRpXXWm32MQMTXy1W6jOh1GjG/1s/g8FC3I9COGC7YGhzdQ/FBmag0357Pse+H9LTGB947cqjEFHulrJymqyoamIiNdIywPcLC3FpvRBLJE1RMFraUWVrvzPzx8di2ra0aV9WkhdYw87ZvqoNIWmvSeFg2dkfETkz61H0bYwxzayJJiq8ZnygMcWh/3AVnHqo4MJmnYmEStkGX622zAc0ilKlGMzKBeu91vjMnmPAyxNbdPSv5XhVtPx2iT5TDEdbkQLnE5qaxpqdKraUO7v58PuFY16W15gwoptxkf40brAYIJe3YAagpHAp/7pu7X/yCgjKNhQRJnT0J0Lyiw8kfjZzzO35OM9m5lzQX9mSgWRiMKIgf2RUAgEmQ7ZI+bSmLcuAsM/PI4pXrzH9aa8uybPv+fG5x0VFW7a0LN3OFY3tuqtqXzsLuPlT1IAm6m49d9+euuxJIemeOBmr2KT2RMJw+q1oqPHrHIsZRjZpp5oiZL9fbfn/HGHDEYgIzcjMGop0lqS5JOY7TrjkM6aMqIE8ZOA48GkszDkIKnKmaueoxteVTXSEQ6xhPwOEr0IMNWbyO8FUTh6fMlRdLI+BQ1c3BZUGJxcEMUnKFTeZylj8ppkhlKoFwRJgUcdbE+xVzH9IzhhLBkTyNyZGp9+KJsViyAyFKPuaIWrXCQKyqRBrW2gNSEhPlosnH/WMfW+sLCYe1ZZG+LvsYqvZ8bhR43rHX6KVsGAhqmA6NkbkxH4iR7OKKPcNReFUZkBlAN7NY9MBm6h6BiJkZE4v06wUsSsRBlsnpbC5Aq2aSiXmmhsZHeqUHaKJQPglPnBhT9OvElYwR2CbpKETFDUG53OyqIB369KeZIbeGZ6hnNQ4BSH43UVGvEkbnGzp8H6PWfCKJejEetPIADs+ZdAASyFLlw0tISky5hHjKepv3GrDbK/CMm6lQnMkR5Gpya1E6ENEx1BOv4Izm4sXkIO59cff397d926JlDwSNNA9ovd5oe277Poa+XG8O3/Y9XHkORxJx+HN7xpNAJaVohqwExBynvJMZteejn9c2sx1xegpvvROBWsMuHlQOHPxEZmFmMpv4JeKqU3xDJ7xQzKH6dtbVOCtrY4zn9hxjZJqiSGkR3gTZI991js513/fd3t/WywWUc5nNNT1EHXuJYT6oQ34rGqS6BokXqhNVeiEwCVWnHs3sD83zqsTr+f/pkJ4YCUWxLmymrzMILRcAh2Nq+z52uK/rymZDNRbvuZlRTI80h+/ul/XSmPbHx/vHh5kCfG3MImPoto+3nz+TUKL28vJKRJHdmJoctz2TQ2aG+TwKHfvMtRdLq34dCeYr55dIOQZhmqnl2s7L7ba5+RiOI08cBM1InkwvFc7IcWRSs1EHPo8oTigyHDExY2gMc8uBgAQioUMCgaROl36Hm+MgBbm5Y9t2VPTtHu2wmMmKaXljCtbhlEARZxBRi5WfRGpGHPUhg0dcTLkjiqakHfIxv6bVOZufyPekH6fQGERFl71GkKBowsGmjFyQMAEI9rjCmMjNSCJsVALgxk32/fncn+pm7r239XLpvW06HveP5+OxrmuTFkO1RhbfKJWpuq7CFFkS3zjW/R13R/PRHfFWnR5VJEQOOJMz5bTq6IJfFn3asl512/Zx5o9mvaExs+scY4ecVHLAggIqgf4nY4fcbRvVWBrPqRosY7zP+VKz6kCHSNVM2JSAFOp4SRxOERdtgvmsvcOTyZpvZ6Y6APeQS6ZYPZT5d6Ig98ViUz6sC9LSFqysW83yFD5JT2aHPDCOx+gjd1hsqHaqCZOHf490X7jJSBfFLJVCbw5CY7hHWdMN3telrQuL+Bjb49l7760Tk7qO2DIwDbAImA0RaefRMxNIZtxEM8jCcUuhN6F4BKKY/IaQJIIIBWco15z2/fnk1pf1Qqa2PePNotsA5kvrD9MguHAJS7kbHHkm8nJk2YNnlkOg095UUFM+6Wx4pqEswQ3wcrilklqExCTPDk7OPpeQHL6c/CgzeUb26e1sMpAcwT1hsJWvBmG+SZGnkR/2B0N0kh7JdS/x6xRqVqbUCa7uZJNBGWqcP4Jb3JiIrOtlGHIhVUzdBnFfpe/+eBq0X27SVgdFDuPLl68iso8x4KpGR82TwQyK/J6VXKUTocDxMtFdaNjMt2Ywnc+HYzdM2XbPuas03aKZA+v12oXeft89y8ghBNp7k8GklmCKM+eeFUrzglgpHTps6AjqI1KeqhesUiH4ZHgqqDzJokdHHiXsT0GyCNBz1ELGPuY0pxrG23H6lYxbJgSMeA01M4gy/Z1lghh0VPjQD7nJS5yY0k8csJSeEIuA4SQ1WRhHdFbC5xVDV4tlmlUnsIi0pW/3zRAzQt3hFoTS9WXd9ePjfrm8SltiXl/vfVkXd9jYtaLqAqNJj7DMiFWEg0Cjadl9xpBRKI28SfyXI2cZM0tv5h6jCcKxRwUtBIGJdrelt7Xf9u3+vH+Ea3I31cHVrjMlIC4uxecQWAdQy3a08G+B9Ri0zLX8IupaWQWjaW9m1KGa3a6BkokoNkFFZr2JMItIEDaNLHa1p8SU4yzpmfGRz8uZBi0Gp9W1HsA5/eO0q4kuMX/4WXqW1h1Zi6PY4VafScRa0IKyp1RLerKR2z1SMH3py8d9J2IWASZAIOlYr6/b8LZewG2Mzd1vLy9E/Nye2xhO5QwRVoeJeNLvD0waLPf4ytRBxc5/GPpXKhLidwRNBS/KTBOAbdts4La02+urjh2m5oj+XOnyaexDnfTMoY9I7MJnlwVX1aygfQjP4fYzdvtE8ipNdY8zj2jo9LiBmGU2NLi6CTbs0POwC5nmm8AEnz7FD/7tPNuESjSHopyFespcZIWKofsp5mrCFWjj+Gz3uuncwBnRfCW+EDEMgs1B3ESI5saj2l5Yt2qL93W0ZQVxdCm03rex7zrcY+cEZ82MBSThm/WE0Ki8Tc1Z4lJbL7GY51XfggNuriKNPVnJmIMpidx938e27RC23hrzL3/60/P+MfY9oEOXHrUby+BuSrNPHoUfXTcUbqcwK83+MpqTpeKlNal4GrAjcVRiSsjuuIRwiMcR070VI3rMff52ti2mp8M5h0KfTqfU4BAyqvah4wqIAviGQUHdxScmGo6ZqQwQp59LIUpqkkaQlaO2UomLWzttX+utcQaccI9lwAFbhcnZjFojbsGlAYsBsRwIZQ+ZmUmIZbY+hX804oiB66tc6VnFUEFsmdsZy5pp9JR4xd2xzHoqg5lZlITJL2tv8mXbntu2wyPlU0yLsy+Hw7P3eTo3hCsJPfVaIkSH/6AqfEZuwRMgIzUUhfcLZH3uI42oKEb1umOwcXm3I+DM/87/jDv2g45QknPiVpd/i3CdjhNMmauw9SSAn1Fz0KxmGJNez9MxS/0Kg1hmjr7sVEZAvXUhgjBTMmGICCLSWydyi+2jRbNmlm3fxxjuwW3jrDxxbjCJt2eCc9aPEsRPzDiVq454ChzNS3QHYM4x292L9OsU9wwAl8uFmAOxgPF4bF9eX/qy8PO+bc8IbyWbOT3VcapnLIsIsZ8wKLbsoUKbw6+gHk+N1QxLkc60aIOHXlbckg8lToBntDfNzryisHle/ikztyktMwldZPAZNafwEGWukU6eOUxgmqW86hMMiiqpVKqqcBLNWKCuzR01qarCyJByi6xs760Im3mVILpeLrfr1d3cYgSCa46LxuP+UI+V0ik6REIVkKPMByFLRYUfj0+YCodCOSk6qX3RRxKPqUCUV1EqxrYLt94BjDH2jak3ON7vjy9fXn65/vL799+YXAidypTW3glElsKDP5++ND7f3QFDJi4saIyoPPlU3mDqFCuy7GWePsqKc7I94/C5fEeJDhBUmiOPN59dpMccXs7TUxLqoNIiECUpu/q80sxwYLnCH8hSXXzynNMdncgpbOSlRaXQFH4okQUIZGbDhjD3pR32J+fmJrAKGxvDncYYY98J+Lu/+zsCho6xD3fEEtOoX3JKz+zPzgg4e4bhhGMnVP102oAZv5TSgiAFiDyyp8w5dkQpUAQHmy1o37Kr7UODcOL7/ty3tly//vL1/ePtsi63l0tfL0r01//42/3x9KlhkXQM9waKQL0gF6bliPsqr5dSXOCs7mgOPTx9MZMIu3ueKpXtOhQnRefIvJd7ZSKj2WV2QBc+yQ7HxrZ53Odrijc/Z3rKFKFSX5ieq4yV+ZHCOFzjfC7xrJssQcuIsoLnE5r9CQGLOcZ87GPf9w3ul/Xy8f42tn3EnC3VoCozC0tanRTbvKP4/GD+Vl17uqlpSTNHRZjDUAmx8CxB5Ayy0s4FfSiXWzSR1pdNGlhYWmDSbYxrMmz4z3/+U187tzbMv3358n/9P//vj7ePRJKBeGI86r7v++6lcTjA+1lEiIlLd6uXiabM5F1HJFseLTgNqTA09WWaEfbK2aQFStoGmVJ1Lwb+xJSh+A6XLfRpy06yQycp+sM3P+eaOWkOkfee/dchzn4WofhPkRDTXF1FSWMwc/Va1sIiy7JQpOMsI7V930du9Bg+K/bMYPZCaDPGqlOq+wb8yFBMCJeBTOkOOLueOPGkHfkLIgSjkEp6HASWZb08H3cwt+XiriClJk4g5pfLy5cvt3VpBlK3r6+vpvavf/3bz/vHruqEocN3R84vc+ZY8Acg8312YhITKAgLHD8tHTn5kqrHoZAIzVccrudsJLgMIFXyLYgJnhMc4DXskogEU5EAZuTkgtiEDs8Ts4owMgP9WQjodPi1aSCu9oiC5wv/EN+4e1Z8jjyT15D2JI5EVxzR0jsAHQpAmNUURGq67/tQba0X+piju1AaRVO6U6sC+tVtTDBGOb4yVXiG4plF1cimlUF3pKeZxw13t/V6ub93V219ESFpJJ2I2YlbWwgckKBJW9b+P/7zP0tf/+9/+ZcfH+/mPvax73v0pHfphVYKwBIAN7OJIpF5fzquqgByhYS1F76ihHppyV/9xNNzJSM0XN8BMmQ+o6LKIz3oVLaMO2asH/MWTYtJHXdxMjfVWTI9WgPQuqSAedqn4KKS54zUYFvE3VS9LtxkJZsd7jDEigRn5qV3Aplbaw1E7tb7cr1eHvePMQZAzNLbwtyyysKUM0azFMNxT6l35g5jARH7bLc9q0MFBWHzY3ZUesKS8hLH1F4QzG0YLpeLNLk/n2q2Xq6tS+vcYqcx8VAnUmmttwbm6+Xy5eXl5Xr9+fFBwLquIqJDM/ai+awpjxRlnROyG2PGrYAnXZ5jeyKYiCS6ISbWKduJOUhrchxrEhRXsgwU4xxRsXcRydKzRydhCEdFwFQCHWEyx64dL1yAU4xFtd3lZHsyxpvPgIhiAoqhwn2uy8Y0AIEk3Ck6EdRpJBHBGTC1fewiAkLrQfuyvvTWRISB5ER7wbyKij4/ZsCr6BNXJpmTjLYqiyFOIwakR14D1RqTektHySmBawUX+eV96a03NXs+ntfLxR1EQswGfTw3eBPuDGzb/vuP//jb999/+/7jx/s7uT0eDzMlYmFhkgSBB2wuKZ0RVf7FC8hihrqtR7Y1Q/CTZlRCbeLezz+EW2s9VuKGSHlNI0p1KqMW0JCJEB0RVc6eONxj5AFc3XRo/FasYkxti07pUwp3cgvjzpyIQjlgQYVKVuI0VwWxSjbTTZPDk4rsULOnP83ter1WOcnNXWLbVRAyRBwUm/OObO00f5QglynWWgWszyFX6oACMfCdSLJBLCU/BqyEqaZk2jOOAhlQRb14nH3pfenMGPse/CtzmLnqUDVm0NPtfn+/vz2ez8dzI/LbdV2u6/W66pwSAA6qXKh1CmauJ6SZqQx3QjxjU0SDOLnOntPCchNLz0eDhH8HpnUisHDsPS+lmEPZM6vg5XMOUS4WzKcpCkzkZHB2gKsgnw8kZYDTmJ88l6rNB1cOksiQM1lzBJoXgnOavoAOnTJF7tUF3D0KQERoLVYcRJrLEe1StTrmcOWlSwmUWZwYIkzRHu6OHJCACr0oiPFMzCwklLOeaHhoYOCnOSbHSz7zEq2shDTuS2utjbF7NU+ZQ91t6D5UdX8+Pn6+/YyAoi8sEAf8ulYnCACq5k+r9vY0I170S0clwH0OOUz9y+ILh3yTHDlSwowZwmOF/6K6hzwxLxcSFJyDJYHiuvrMSBa1tXqJMlJMixVLzAgQOz5j+uBMUOGQnjRhPmM/GIgsNmPQyZkHQ6ZacSsMdBSHq2o+qXaq98ejiSxLX9elNVEbVgKa2pXoFY6qHAYf9DCXsWh4mGtslc5SCBFZ5AQdoN57FBUy9TJGnhhxpg0rXRjVdQeSdAQCeV/7svTt/W46EIATJCKmGYEoIEvbx57hNiFIjpIZmLhriXyFFcicViLDmbyEiNZnniZ6PutZEyF2y8Hd7eBLuscuw7ICQAx7PG3q84OkQ3UFJV4+IWsF4dOSHQVmpPjAJZoi4YBMRUtlrzvD3CyJKRFJFI7u1Zialsnv7HiaWVunCHqd2kBwoWDZj5pXaKpEAKJF25/Pp7mJSOMm3EhajMTLuSP5jrlHsuyRTw+AEtg6QApFUlMADY1qF2udZfg/9uwchof3JMQUANXRG5mz9L5clu39fd8f3Rq5EbFIV4Is/evrrS389vb9v/31X8e+g7wozJ6lY58WK5ajOGW9Or1J/FykUU0moElPPLrdIw2TDSruTrDQJwAUrayR+ygXzgTNQcvpkaLtRUSOQsXMRJfBmLYj0SFVBFd57IqzysxUUjHS/eEEDumpngnEJ1nZvZmYnKi/kp5ExB4dM5HIc3aP7Hu+1CtAXZZlWdYsNVbULNyYGSxpjnOS5ES6Qd9OrZqjLMJGag1WnjpIoOi5hntvHdWKNWeGYKaI8qziaK0sgou0GKb59vPHellwWZJhREIsw1yIfv3zn1+/vX7//refP75vz+3kWTCfkDl7rSk1t4gQ3RzBHCen6BxzmOvpYfJ0owSywzfBAbfAIIZY1OGcHVmJvkOW8jLUZkiT6Mar0a24bEfCLNdRIFMklrjD6NjKUp62wLW7m6vjJD3n/HT40OnZZtFtqsX8TRRr2BzBVg+o5eRgChabA9J6a53SU1D2wkd2uM6uUFRYtQxEiOLTPcgVJUAz+kjMNa22m6lyk7TWIsJsvsfuSJSrRXlNR6IpohhDJ6030X173D+WpbUmQAQybEA8ldv1pQtfl/7j9x/vb+91Bkjd81jnllYvWL41LmHCO/dsZztfP6n5iG26PMnFJT1BrzQFcrpKvs3k2E9fkiEUlb9MyJyPdubnMBtD8m+Y6Z16ZbT6lM5ObFQv/ey5cIrCEJOx/Qjy81lxaW2aXAAgQ2ziKy8HLTAW1pliNEIsZWSWoN1a5gDCEjDNikx8B3MCV+S/hQCn2viHGezWDVXnXyVLLebSU8XM8z6ipS48V2ZaE7SKiLQmZLw/7/tzWa8Xd5PWvBZHjGFN6Hq5LsJdGtQez3se8kwDVgpvXn2QAnMWeUIDWP61rGtYchAcInykaspsEsW0iShihPOKddOOaqKKOyw+M6ZPrIL+cVUo1aP52jjBg5NYTz59P51Fhogm/s7NkiFAk4A5jdun1ELleI/LS7vH7hwLx4Fa8slO7tKkt0bMpgpQbwuzuI+yLvMD6PiTGL34vOH5STwv2ucpzesqXXeviVLRtR7d4yf5B2IciWUc7DVsKkvawrL0fez7/jTdWUXWVpiR4NDh4lj72r6KD/vrX/9t6OYZX81oIDHc9JR54p6PEsfswXrmDHeSpcGn9oTPSmzQsi0RZhYDTWfXoTvGGDYH71WEj4DmmXxN2B4krToRLwDtyAQ3yoYEwo2LT90OCmU4MbfPnouoWjOTr3MMzS9hiqRkIWgqN8dC1ABx44QS4Z2ImOjleuu9meq+77333pfeFlUSacSSjzzymjWAIptF5j1SOkEmycMvpvnMynNa7yAGOTOHqadMZAJ5jpGJkalbXonFuFMmSJOh29if2/Pel85wElGzfR+X5cbR4+EQlm9fvn68vf1823cdBOTUujKoqAusAU21S6DsehnDFG1Tcy4FSrFwSMDy+i13B0trFbRTuC4uYxB+FgfFLHeBa2Q6iq97cvjucFVDbpuIk0pdnmHZ4agQfG/7vFG7yHGUSJ69bPpU2RiphRpMQ2FyIDGWkiDwGGekk3zg7r01Jh62q9qyMBNa6zIcIGE+xCRt59SSgIdlNeLjzcunpQdPYkYmA21GHsu6bM8N0T0YlSCRwEXBJaX46HrSqmOM3UyJiAlN2HRsz/vL64vu29qvLkIgHbquC3s23Qi3X3/5ddseet+IAJbQU57CUSYnboxzpFeQA80DluS/0o6fMysVdfihxgDI00CE1BMDaCJ1hvEqOojpcaZCwbRxT+Hw0h24MZcc43gbj4Bg+qvD1FNrvfXTXtJZn5kvP7wVUHw2CpNVo8SC6MxGAhJ3sqD6upcPhZCINHdEH6V5bjRM78Q8MV2lKFAQMK0qHT89f/HpiKkcXCpOJq5jr1QhWHcQc2P2qOMQxTlOy7dv27Y9w1g3EVMd277d79JEx96Ehbub70N7sETNiXC5vlyvL/vYdOyRJqH49AA/6UnY4WqRuaCPx8e2bV+/foszdJQ3qH1HAI5Udek7jrvNWSD1rTnirVAvnX6zsAd7UGLLnZbgFJN/GqJpZByOCbjnQaKK0PN6GlDdp/X62Zkxr6BsMRvPF6ckErETu8KCoVHInol768Kiavu+jzH2fd+e29gj41cdVyGYRNEvXA578iXDd3mZojrMz9KUtjrsbcw7E3Z3DzJq9dmKSBMhntROz/jToWPbtieZsrRwVbaP+/v7sq7RvuMsRjJ25S5E7K6ROnp5ed237X38cGheaBYGTlLvQNhT8NjH9tzcjZynGwOqiwB5Hg4YgVHhwMSfXhAq7Q+SkFVQl443yWd3xDgVRhRgNcoswxyuSWUCK1WUJ50wJYH8qRsk2GEpDJliyuhs4oEp9zGDJe8i/u3gCNrd3GIvBTKO6Usnpv25PZ6PsQ8meX9/N3ORTkTuWo19lPFBSbvnB8yb/TS3oW7qP91cibPDRQQWScQKSEe4Cwhk+jiUETIdum9sCmrSxMzG2B/3x/Xx4NZI9ljVYiRqwTvgmmt8u94e98eHqiW8wnG47hGxgSXrWtfruiytsEeNfDw99byFgOlhUyaLrDQWFTebO8wRbQjhw/PAStgSwB/G5YA+aXY8JkO11opqC3eOkktejwOVolVzN/s0ee6sxTO+mKJzwrCfWkAcFI1/5hyp1llCiw9tvYF837btuY2hbtiH9dakCcGO6h3InMmsgpCag+SBj2mq0TkAJCKjWc2JSRfV4eIxHhBOOVc4nEMwR5m596X3XtyGcEWqOlwH0UoxWEoJbu9vb60vLDIAFm7Xq5oBLEIgGbo34fV6vb28/PyxYUaKf/TAU/BVBMKN4DmAEplN49pRnThp2q3yCY7DtlCtKg7DHA8rsXNU0A4HmhoS7z3Lbal6zNu2vb+/m9vrly9ZjDwNt6PyviXckTKYFJmT9MTPOXq7fBKazCoBNeOg1HoSh5hn3q8eecV8zK01d4/ti3AaQ5mj4SbD67i16Z/+4JIODSqlK/uZxzyj4cqgpx9vzKfzj88qMaPZKYvJxzEdz/vH4/5x62KmrTVpooPdbH8+H/d3bsJM2+NBhMvlIjG8kcFu5srS1svl549kFdXVuRU5CT41MEW9sKXX/2bnVMbNDjwej13H0vq6LHSIGSYiCStLn8iWnt8uqFFJ6HhBNPhWgpkIQOv99csXd5Mm8/SJKCTpJPiF3/nTc2lAZM2PlhwKlfVyf55Td8okpmOJ0aJOYkUdY2ZVj+cqzMI8xj5MpxQ36RxlDVDanUyWTrpgof/o/5wu4I8u1DG/My8TOceI0m6GHmVblOPT1cdkMjRxosf94/7z5/64c38lQJiImvexPYeZbs/7svbeGPDx3EbwUXrrrYFIdWey3tbL5fp83nEA3qO6AiBjHS5FSedTiWjXyDUTuPUmwj/ffv7bv//7Y3t+/fL1n/7hH8Ik0Ix+HF5k0rILYYrss43GEctmEuFzdAUwUe8ts0JHfJfE7HomR0B4cstTeswI8Kgu5RtU7+UUulIdiygGYs5GDGoGdtcyIXBAmILsNPZhOfSfRESkVZoy+5YOkTjVE1IkPkda8+VFgsxfSOZ3asYMG7IVvloI0yaW+pObDYO5sfPP77+/ff/++Hjfl+7XC+BdBL2N7WFupvvYHtp7Z4aOEaEZINKadCIo0Pt4efm6P592OqtPV15o1+E1wQYTkgGUQwpgrEaEsY9927Zt257PMUbLkW3Zun+gwzD5x4eWLtYhzbl81WIHT3VKSxbi5nQ4o1Q9z2ixjrlitnpyh/SEHzFy4bCPfrxPQiunKZ0EBPknjSmZIZuTChDFZhIQ7ftek5covkNOByeggA6CF+iFxYsnldY+Y8ZE/ZZSejyYkyUqu5PuInoYfKv1aAAAF/VJREFUnDyOODPX+ehij7vz73/7jx9/+5uO55vQ7dLXpcnKIszCrkYw113Hsy8L3D1Sn+GarxeRgMArvb7+/v1vnmk0Mhs19gBp9SY7FXDyBKhlJlhooQYHyM30dr38w9///TYGE9nQ2G2d/r1Gw3H6PNjBDJ12xVKW4MHCDFJLBWoEwNSCDuVhkb2K/TNuKuc6T3Zasen9I+biIKXkXprqyqnSbr6Jl5yBebbJJFj1EnYE6yZVbQw1C8avTMLEEQ9gWgVHHW38tKr7Pv1nOs9k/gCT2RAAvGJkZilkjwhLDrMTOsRRxyNmYUJj/P7bb/e3n0vn7fHx47ffLutKRKqDiTWrNxosb7iTRxndxr7tIvEARDr1dV0vZuquY4yfP368vr72LpWPmbVlnm4N2UxYKatZOAZJ4xe5vZzusigrlNNmjirW0aaTD25ykg8wFCaGdd+f204s+xg/f/58vd1uLzfuUsE814WdRMcz+vVgtZbJPKSHQMKfQBMwbzCdWT7XdLQnuZnv5z5nB8c7mJmq4pQemOYhnL/N1KRn+rXOAYfg1C9M4F98qSzpRUNtBQWM0tDQcTgiRYnSq0CmYfCZIIyl994aw1wHs+/bsy3LsiwsvI/N3NwUHpveLWnDbqY69l1EPKZqM9+ut217btsgosv1KiLV3HGUK8qKZrg8BznV/3u6iTyzqEtFGiLzMp9Pc1oMnGICn63O82XHMwRERN227fnXj/d/bP9w7TfixJhORIYMnnMlcZxbOZfzRxYr3g5vmlocioYMAlCKkZZTlASQ6bDN1I7hamAQO3k0WGScFEcAr7EBcNAcazGlASW39eqUt3qHz2ZrWtUZ3h5nWzZ2ejYqq58NrMGgA+zl5eW5rmP7cNfn42PbXla7MS9rv6m5jk3VVVV1j1pV9iZ4jnQjCARMsl6u8vYjPmpZlhzte76vvBUvhFe4ukBpPRUq+DBtcQTg5Umyxor5tmleTiJySpDZlAwW6cvKwgvjl19/0X1vvbpuHVMR44I5aTahwT6Xuxy4IaUHmUFE3qql94rxKXmtgRe4MDmHBfLI6fokKEX6D262PZ9FQiOiIJGl3NLRGlAolye7gM5goQ56hl9kNSy9pkwcid0zIkrwiArrCkIn8IkLYoLZy+uXj9vtfdwBez4fz+f9st2W9bL0dru9bs+7266mOrbWI2BkcoOzm3pOwSUSLH1trRMzXLOJGnUVcRczUpjh96Gzk7c+vypqO9mQVItPfz8kEcljPQ4NJZXuUDcHtd5BToJv376gmFu5Uxvsp7LIUUo5CA3mdbKH9JxhctmgNPCYWl/xOsCZ4yEB8Uz64XzrDlV9PB6qSjmyiaZ2OWLETX5kCkIGCuXE3efwm6m5BXfKrad1OmBeQSo6LFle97RUNG+OCMSswy8vL9eXL8/7G7Ax8fP+eF7u63plkuvt1rvs28NMs+QaZU3LKfEGJ6g6wbn3ZV2vz+dj3ze4TaCIsoLznKdanCXhZHsO8XH341nhSOWdf2GiC3yWm6lIZjZUt304cVtXIjiMJhvkkEWHKZKETHSOehPMUFre+ooqKY6MGtER7BxVEppQpG6DDewkahoI1AHVEb8TGEhVUe8z78TdtB5jmPHUyWDs0unIa4Jwep3yuATArYaFVD7FD75iUeIIx6L1lKH42AAPsW9jU2t9efnydbu/be/fmcTVtvv90T9Emo69L72/vNbxsppDnYhcE+erJ9Ofmb99/cXMfv/+t5mU/+RD4glRCs/hiU/PgI7XTbTi599OFHH6Vao8a9mxqSVwYAx9e397e3+/P5/Pfbt9eY2RRL330K0msl7Wy/USwItSK40q2HVUfzTVFZ5tD8vR9YPTz7wMTz4Nz3dzCvZXVLgocw4nDYmygJlFNjdrsPWkg5TF9fAJEYfNT020EoKQ3idjNU8h8pqMX4CHWaaToFN4PI++Qt6TnSUCMFQbyXq9ffn2y5N9v7+b2vZ4PNr7uqxYL6YmsZSZQ+KYSPLR2aSlwY1MIdxfbi9j397ffkSn5AwoMT+7GqVwUu0pB2dpOe7vM5SZ6njkzXESoDqyUJKPj49///d/fzwe15fr9bIS7P39/f3j3cwu60VYpLWX2+3XP/3pel35GFsSh5dugYoifTjfKT2GiqanpT3M7kz5UilEslE1OKZRrJv9JgQ4LJj1J5JtNKaGzwoXVRriIHAQ2KasOpnPsHPiF8zXh1pPf+pczWIRcBS6sjKoZ+TkheTjLccYjdGW5Xq7NYxNSPfNxri/vwnLsvSrvKBR7sMknu7x7KYzJ+YA0bJcXm4vz8eH2lbP+jTKJGMEKp86XRj9AQZTag2fPspD68rc4viaIfqhHZmGvl4uf/67v1PV9bKCyOD39XJbl23fRXrvvbW+rosQQZ24orWQFyKqpgmfiTaP0atTehyzqxCHP6UpMSfbSQYYkREZSA2W3cDhO/Io/NCUaUETf5VtNqvEPXmNg3GvR50PBBOy/SFMLXmqzA1jfmL9alQBilU6rU7ElIctMLWccLau5LfGGI/7eN5Vx/3t58/eiHHhFyLJlvvKLzlNiJmVJ/fEz+vlcnu5vb3t89CmYlISUlKA5mnNR+9ez2h6gmNmVEYKlhWZA/iUe4j383lgDr9cL9frJWxDLBF+vV7Gl9d9DAex9Nh0Bgc0eXnzrE6eZ9oCiklYh/QwH4+G8lGXDSptSWvBsXa1AQJw5mj8VCsoyBo3UG4O2eaDQzDjt9IjONXUYcsfwDCnf1FFMPUVUyoy40ogT9IZqAAfMv8U3TwVPMdHF+QAKqPA0hZfLqa761iutPY+9vF8bm8/foDgBGGJ9m9n9tjZLKAWPb+cspHm2pu0X375ddse276hrP10OGcYf1KwOJHUh8qb5EvrdbEVtGpbYR9s2jKU0k435w7A1MuAh4YLi3TqfSFiOw7F3XNtRZx07ORyZo4zRjQzFBCZ0jOzJF6Rex5wZZ8AxKJoAysE1Bycqe+SmpknZGZ2xJpKLwqfljGZGUYimuy2TOJVYvmcK45VEGY2CbHxA46xyzEoP7HwJyVOvJeXT344ts9WjNkcaL2tVx073PwJIep9vV5u+9ifH3diaiyNhcXhOcQ+vwQshGDTGiRHLPHSl9eXLz9+/tj37exXwlaWlqWS06kNofKZxw8xgQTNLOLxwImDmFt9ice9FTaqwzz5BXh0+OWS5QJh4tmZWugx/kQdIr7UjGwOHzrqXCWqeWUH+uca4Q4ieCN08+aIMRafFuQUpBYCcl9J+veD1eFHpi8+OImlVOCqrsQBVFUjTVlFU4exy0zBiXdx3PohIfMj01JO1ffEgUzcuVNbdwhtajTARCLovQ0zHfr7b7+NMb58/Sp9ITTAp5I6HC7uLsLBew11/PLl27btOtRc64ImuDmAXLmnEgqaPz27/gmPUPeSt+k5nxCp7Nk5PW/+DI6mQOaHVZYkpJCATH5niIqildRljTEirO59OaRnPlQmL+mk6fn+//autUeO3AZWUerZXa/PBwT5/78wwSHx3Xqmu8XKB5JSz/qCIN+vYWMxb7VEkSU+ijWKTJcUzGGSqTLNcF26yFpPpn5nhfQ0vwY1j8F4WYUQ85TFyHCCiwqLw6m+dfl/nZ2Qz5LgnKGLFOYOLO81gWRwUUJ4o/W26fYq0m+Hch/AyA7p3I/j+P7vf/fe3r5gI4gGOpIaEsPlMrCZKzsAQ7ft5Zev387z/P2P740tvajrWPJ5WQGUl0oT/q1XrrB0aovQSNevY0W75nv1vGGvv8sySZ9Fl4CIokqqbzcG+/H6jg6AsmL3nIjpcqeSAOdwo9ijJk/VjklrLSVo4vNgRq1wQ05YHu0Q3QVV7kdi5vkgMUmKUpnYp5NHGb7lmvIVyYM7WzlDCnOENaxY7nT7EEE4E8bGWms3d20vX07Aj4OpcLXZDeR+7D8+Pm7btjUjBGtUxJ6ocACNCIV3ay3CIe/vXx/748f9B+Asak6VnCy1uuCzLsqpblmfBK2sYMD/KTgTduZp6en9uih2FGbMFdYKgdS5NCUr8zKYW89a2zLycLFcIZxyrdzzMAHMYlcH0r/cmLV/yr6IBDEJp6dlDZdM3uSas9KBLEs17b1dR56GahJpzNcKnWWzkdRJhvAGEEpCqMpcXvBy3hSIAkOLpjtQEax1+LCXV2gcKtBAb9atbwIi4+a29eA0p4KEOo5JFr0JbMAMbA1g79uX9/f748cfH79j2Z01wZdLF3xdRN+5inNVlCWHF9niWvnSWddXS+WkPSux4LS5EyGWt2zJZ1jGiy/ASJhdLWNHFGlf1z8GiqU6kJQlMLbhkVVo0OyTUPnMgNEMHMpK6DzHxypwZQ/F+omzCyQAJPcWkxFqAfIUOWqeIUsz5jNmnvSWimZPa2E0JzFpLorDj6iaOjIKQsysWd9A9dsLQI2hMQCK7L2/93b/+ON+v99637YeHltPqsYgBG7B/4EjpqML2LaXr1+//bh/SI7qzi04l0wUzCkxSJm/tGWd+mZK3lMaVn3L9IvlUl6cTGEJfVV4pyAFEsxRrfEweLNirgRE1GKFIOrqtWxppC4nREyvmgJWsTXbDjcXh2cEvUQu8ya2HuQV09RONYsCbASs7mypaQHFFAqEXrCw7OLKeGbOLlOpRQOsPF3F3i04PLU1S93kvay9la+X+ou2twTN+maO/bxHpWQIdGvtyzv3x4/7/b7d+m1rwZnmYTjTE1o9bZw8oWbW2uvb69uX94+P7z4853aRovDi6KwRpvJe++p6lUdo7fM8WSxZWqh63bzAVpyP+dNp9cJ46Vlv5VJZli4XLuUsl13SM8U0x3XZE6VpzdDITuuCucNHBJjTfikRjfVtO49z5hNO6QYgOaYvEwBZ1ROW53ySAcwJtuhbXug7B8m1URli7+6jpDjpdi9Ru6gYL5GqkVzPxKxE13jBs7K2mcSj5Z6oast+exk+hnzfj/HFjYGbIIocoACDQitzQGJr1lrffvn27cf9xxhOzRTPVO7p2WGtdvrKp4fw08UJm/X83AXnsBBCvTRVbag4Llmtv2sM64kLpcKcq7V7p/TMk33K8hxXYnIaDG1juwkNoAsjPXEhOrnlg37Rj3N5DhPNpvgW9VHiFWvW2FYnTAFJI5wmKsCPnDPTAxFRy83n0lKC9XJUb0/FGbeEKTlTI+XbgdgDLpiF9LRQj23r40R0xSYZqRkvr2/jeBzjPM6jbS2yPDJIyCLng0PDg7/aZM1e3768f/3lj99/H8chzezLtOGsxnllTpjHj8rfeL6NtcSYYvNZSbGEQddDtzKpeUGleC7ON2XT1uSsH0hFUIa3fi84NCbiEbC6BYQ+dwFm1jb210NZ+zcyZYHTuWdm2y3M1nClpydizxNFpasSoW+stx4M++HjCaZgGtnsOE8YrPdoZuZPtvUi6ctdqTnZCCcykqSIqfZSapGAqbZwPvRQURGYJ83UrDfJjcUuT5CKZi7jfNzvj23b2saqKRarYJwI/ygFDQpqNPv73/7e2L5//9ex73KvatqYC9OyXrWmVxmpKcJPFz/LzdMVp3fVkpOfxGxKlVVA+gJ+pyUrFJKeaGCSQ3UArWfVN2f29RwqYZWMAfbhoZaTFLp+I5qGtt77OEc0ThcKEQvFCt8sGL7Tx4P9POZNmFnYZEVDwDHcwwZk5qdf5zZWuoxmSVBIVsSf3DEm7SfrI6H1PHc8o/AvsiOHBuPIRhOJxn7bxjhL1IMWBKC3vgF+HOd5ntbNVHtXjD6brYjphtKuRu+fX7/92pv99ttvj8ddl15ppao5/88z1icBIS4y9icXyQzhs2DwxQ329FsxF+nmt8tmWqJ3FTHI/ee3VHYYKwVmIgRWmQZp1tg2WR+77+c4s6o3VJgAWbG+jugceG22Y91q7gtkp8Y4xxm7GpnU4TVQjHHKCKczStC7ZcMwqeBSsLTGhbSGLAqSpFxAWVVUbnH1cYGSYj+rqF0ORofnBAvRBiXqRRIVCUazvpEYh/bj2G4b24J2kCr1LXBbCYGDjWbt/f0raf/85z/GOKURa+GVy2mVqcJnMXkC/v9FAU0FXAp1mq4nw4LpTMt1x1XdpHmrVwoiqUCn0oY9S88c8hodATAzUNm6g8fpR3AZZ9187mZrtvVtu22Cn+N0pb/VPVBknIejl4oRCO7+rJQu6l0Xho9w4rhreBVRZJ5KRtLDxLRmBE53HyHIM+u89EPB+ctOmuY7DyFxt7ENAnYbCet58sxy2DYOhF7OTQaSjZ2Anz5mkqSka2pM7Mbe0hOl9ARa77f3LybHY38c+/0890iEmmJGIhrO5UdC0z5n1cxbmoeaOvpWqXgNaYnfVehqCqYApZHIaeH6/jxFsTD+hDRP0vP8JFkTGMiNgJ2uxwjtsBRUIJnWer9trTcf4ziP4SeLfEozju0ya9UepfJoFyyM6EaugEclaYJmW/dYULpvbZzD3ccZqu5p8OV0s8qBzt3GagkYygBFASso0rMpdmvDT0ENsWs6vJS2A42CBbK2bRsjeoeqfPKhVj2s6kyodmBg4ZrWbt9+/dux78dxP/bHee7nOMvq5uTeH48xzhVDUO3wq+hgycnUH8tNl5GaaGL/2dxNbYlIU54wsg4fS7aWYnsSvqv05MExVAmQaRWhxVzQ8JMR0cqiceOkJmdQ7bnrHGPfj6ioHWlSW0EzA0P1SAr35KTx9ugT5OnWznstYjqUeh8kaIg8v6FTyRAtIsRVxGJAm2cR1gOmdBUrr5pKP81zwNabRlQwZtte9O4J5FjBfLo7rZu5ZOdQimf4Ay347pKIMFyJ6ckfTppRIG+329vbSzOAkcV7xoZ1+Y+Pj3MEsKxFWUGJJxH6CTL/5ApKxz8K1l/c7ikp6wBVz8x8wCVAT79xUem9xlFzixkxgks+KbyCgFM4o4PBPPVL4XUBdBznGBF5jKivtdaErMco12nCXFf40miku4NuUeFT0l2ZJMo4vNyhqLBv1pqlRwhZb8sQOLuGCct4FzF7Iq4yX5puUrnG8OMcvXeY0V2CU9EUQ3CXWxIt0IOiQ3SN/XB3N4MR1ugekhW95VPje5DSUYQZojuHxhgueJHmgdZ79JbbBb6+vZ3jHL7nKQBll/FpKXHBNLpYqCkZT8ZL0DJNxKcvm0f8nyVmvQe8StaFQ0MLMM/3hrmW8gATT7mXFz19dtndZH/sc/Hr4yrxJi2khAiL5LJKo02tO6k/oESRAT5t7SdJPuTNe2tvr68GnPt+jiNORoFbMy9/GcUCCMyOhRd3FwHCHY2IVgFSb9uANA5VBqYyGh8WGAYM0eVEG+MMpBu8adZMbOHU6BtNyU5U3GEGeDSLdMlUZU6pHTnGeOynu3rfXl7fBIzjnPh3rc50Zami8U+SdEEEddQKEDPjegAqQ3eJAivn9SJw69P1A09G8BPuSYyWhpRh5jkivbtCmrj8DEmX/DyjKQ6gzKrIC3VsFNlmRoSE6V72BfmYNYtR8FvfUKpwobkAK623l7eX3u3+0KmBsKuszFOlTQ9UhQoCTXPITLSvCEeIhnvbGtTGOLlmXwWQXOlEEiWz8Fd6OK1YiauOISH6m5tRaDH+oaFsRUG4ohixFo5jpBcAgJm93F7GGOdxFvjQ/AvNJU3FlSp12rKUmcsDTes9z3MTC+Ny/SSImKe2P9FGvUQn4ZdDcgx5ZAM66IQbRxydagDXuqIoQA5uJZYrkNGgJceRYX2lYArZWGomLRRWmZtnEgxOd2DtgnhQ/ZR1e93Q9Dj2obG0XYVna6OBuKSmp+8MaU8lev7DcG4zw6PeEMHFZDKvGSUIBj+0nGaaPAUAJD/H2dSKoH229IZZ+gnaZRMHP99x7FH2D6D3vm3bw5qXy6AW6RN6ntolHxX0yWP2mj3hqpRKBFORKe/qs3aru73O3mfpKWQqDR8Dvo/gL5BssJO9D7RkQfbyfocSCgjqHrRcOfxwwNY4UY42Y7UNSG08azFKe9cQo3t3kFtrFY8up+BxnMexG/H6ettuG5sd546crKu0TRi0sOF8DyuIkkCsyqpVHFthzM1MTX6OuqMAdpPkaMHNAjEsn5OncaoNH2/2zJ6L7STJH4/92PfhbiQzwYTbtr28vjzuD2Ei5vr+T8egP1naCWIYFHUTNZUApVGYy59TXetQAFFzd/98PVEC/nX9df1f13+L5f51/XX97+s/k/DhfwqUg3cAAAAASUVORK5CYII=', '138888888881', '个性签名1', '2022-04-21 08:31:13', '2022-04-26 11:22:36');

SET FOREIGN_KEY_CHECKS = 1;
